-- Roegusta Tour live starter seed data.
-- Manually run this file in the Supabase SQL Editor after applying supabase/migrations/0002_tour_results_handbook.sql.
-- This script uses deterministic UUIDs so it can be re-run safely against the seeded rows.
-- It is starter/live seed data only; it intentionally does not wipe unknown future production data.
-- If any cleanup is ever needed, delete only the known deterministic seed IDs in dependency-safe order.
-- Historic match-level rows come from the embedded Matches spreadsheet extract; the Records tab is validation-only and is not inserted to avoid double-counting stats.
-- The 2025 PDF is used only as a structural template for editable 2026 handbook sections; 2025 hotel, flight, restaurant and tee-time details are not seeded into 2026.

begin;

insert into players (id, display_name, initials, active) values
  ('220da543-58e1-5ffe-9fba-b78abc5bf951'::uuid, 'Dave Birn', 'DB', true),
  ('4c13c601-1986-5b72-8c75-1a442a2d8bf8'::uuid, 'Sam Truman', 'ST', true),
  ('45ce590d-fe6c-5971-abcb-c09090cba52b'::uuid, 'Tom Reed', 'TR', true),
  ('171b2136-e851-51a3-b6ac-2f33895f6cb7'::uuid, 'Niels Verbeek', 'NV', true),
  ('feedad5f-6aaa-5d87-adae-82dba0cc924a'::uuid, 'Alex Tonge', 'AT', true),
  ('add47b5e-6f6a-5c49-b2d3-15dd8cfd84e1'::uuid, 'Martin Horswood', 'MH', true),
  ('e471b9c7-e709-54da-8fb3-0116001a981a'::uuid, 'Finn Begley', 'FB', true),
  ('afeb444c-9d3e-5129-8406-b6e43a17a88d'::uuid, 'Nick Wells', 'NW', true),
  ('852d919c-b3b1-5efc-b205-934771ca4599'::uuid, 'Remi Worthhalter', 'RW', true),
  ('5b2a4c4e-264a-5bf9-a2b3-2b2ed797d456'::uuid, 'Shaun Feldon', 'SF', true),
  ('a31bb001-bddb-5c5a-b74d-16dc5cfa49a3'::uuid, 'Connor Hamilton', 'CH', true),
  ('519aa4d2-3603-5dfb-8004-12236d3922a6'::uuid, 'Oliver Hunt', 'OH', true),
  ('f0c7cbfc-2250-5e4b-93de-a6c061855dbf'::uuid, 'Josh Conlan', 'JC', true),
  ('1e0ee36f-2ae5-5a30-844c-cf159e753bb4'::uuid, 'Luke Gorman', 'LG', true),
  ('e37c689d-b31a-54a2-b766-67458f11e693'::uuid, 'Will Major', 'WM', true),
  ('0e01fd89-b73b-503f-95f5-cd92766be706'::uuid, 'Henry Dubiel', 'HD', true),
  ('5fae53ee-8420-5573-832e-aa19fcdfb10d'::uuid, 'Adam Musikant', 'AM', true),
  ('b87dbf3e-cafa-5116-8ce6-975fe440be82'::uuid, 'Sam Aycock', 'SA', true),
  ('5571b0f4-1db8-5bb6-b32d-cbf24743cb8e'::uuid, 'Ben Walmsley', 'BW', true),
  ('27bb7ccc-03ec-5db6-8e64-22237511355a'::uuid, 'Leif Skogland', 'LS', true),
  ('c599cc70-a11c-541f-ad67-47267f7e01f8'::uuid, 'Robert Findlay', 'RF', true),
  ('4ea2e495-4bab-51b6-9421-940ca7991690'::uuid, 'Scott Stanley', 'SS', true),
  ('7a87a628-32c5-51f2-b10c-3cd4926d378f'::uuid, 'Sam Huxtable', 'SH', true),
  ('af81165f-abf2-5fa1-a204-97456cea6331'::uuid, 'Jack Bamford', 'JB', true),
  ('a9838793-4f23-57da-b044-7d7e2e50f9ca'::uuid, 'Brian Crotty', 'BC', true),
  ('4f423e7b-a9c1-5be2-87fd-ea2f71ed786f'::uuid, 'Dan Birn', 'DB', true),
  ('0a3d9721-e3d8-5d52-b687-fab4b2ad5c5b'::uuid, 'Mike Hamblin', 'MH', true),
  ('4084e67e-9798-54af-8532-a05d7cf1fa1c'::uuid, 'Simon Butler', 'SB', true),
  ('c9df655c-1617-56e1-8a27-b522f0eec157'::uuid, 'Stuart Loggie', 'SL', true),
  ('3aa4e93a-a904-5fc8-a6e0-022f2c31d696'::uuid, 'Peter Garczewski', 'PG', true)
on conflict (id) do update set
  display_name = excluded.display_name,
  initials = excluded.initials,
  active = excluded.active,
  updated_at = excluded.updated_at;

insert into tours (id, name, year, location, start_date, end_date, status, description) values
  ('095680d9-4107-5a14-8fa1-5f1417c33261'::uuid, 'Roegusta Tour 2022', 2022, 'Amendoeira, Portugal', null, null, 'archived', 'Historic match-level archive imported from embedded spreadsheet extract.'),
  ('cbe00f46-d6d8-5ad0-ae2c-58b43c745bc2'::uuid, 'Roegusta Tour 2023', 2023, 'Portugal', null, null, 'archived', 'Historic match-level archive imported from embedded spreadsheet extract.'),
  ('abcbff74-a235-51fe-88e3-2a0f20297439'::uuid, 'Roegusta Tour 2024', 2024, 'Portugal', null, null, 'archived', 'Historic match-level archive imported from embedded spreadsheet extract.'),
  ('e8c99a70-6f18-5776-a38e-77a2ccb0fbc4'::uuid, 'Roegusta Tour 2025', 2025, 'Portugal', null, null, 'complete', 'Historic match-level archive imported from embedded spreadsheet extract.'),
  ('75eef879-253b-57f7-a977-35918e3c356e'::uuid, 'Roegusta Tour 2026', 2026, 'Amendoeira, Portugal', '2026-11-06', '2026-11-09', 'planned', 'Ryder Cup-style private golf tour at Amendoeira, Portugal.')
on conflict (id) do update set
  name = excluded.name,
  location = excluded.location,
  start_date = excluded.start_date,
  end_date = excluded.end_date,
  status = excluded.status,
  description = excluded.description,
  updated_at = excluded.updated_at;

insert into tour_players (id, tour_id, player_id, attending, tour_handicap, notes) values
  ('d3b54c4f-3fac-5faf-bc2b-37545bc75eab'::uuid, 'e8c99a70-6f18-5776-a38e-77a2ccb0fbc4'::uuid, '220da543-58e1-5ffe-9fba-b78abc5bf951'::uuid, true, null, 'Historic attendance inferred from embedded match extract.'),
  ('b51c936c-5199-5811-a345-25bbe40609c5'::uuid, 'e8c99a70-6f18-5776-a38e-77a2ccb0fbc4'::uuid, '4c13c601-1986-5b72-8c75-1a442a2d8bf8'::uuid, true, null, 'Historic attendance inferred from embedded match extract.'),
  ('c74f566f-9f83-55c0-912a-210bd3ad2f3d'::uuid, 'e8c99a70-6f18-5776-a38e-77a2ccb0fbc4'::uuid, '45ce590d-fe6c-5971-abcb-c09090cba52b'::uuid, true, null, 'Historic attendance inferred from embedded match extract.'),
  ('0e83ae03-bb17-57dd-a585-97e1a82285f2'::uuid, 'e8c99a70-6f18-5776-a38e-77a2ccb0fbc4'::uuid, '171b2136-e851-51a3-b6ac-2f33895f6cb7'::uuid, true, null, 'Historic attendance inferred from embedded match extract.'),
  ('05d78652-ac50-5cd1-bc99-49be34edc896'::uuid, 'e8c99a70-6f18-5776-a38e-77a2ccb0fbc4'::uuid, 'feedad5f-6aaa-5d87-adae-82dba0cc924a'::uuid, true, null, 'Historic attendance inferred from embedded match extract.'),
  ('8c9423f5-821c-5506-84b1-f8ff2ea9ce2c'::uuid, 'e8c99a70-6f18-5776-a38e-77a2ccb0fbc4'::uuid, 'add47b5e-6f6a-5c49-b2d3-15dd8cfd84e1'::uuid, true, null, 'Historic attendance inferred from embedded match extract.'),
  ('98d3a32f-c947-5f8e-a8f4-ac340ef9ce1a'::uuid, 'e8c99a70-6f18-5776-a38e-77a2ccb0fbc4'::uuid, 'e471b9c7-e709-54da-8fb3-0116001a981a'::uuid, true, null, 'Historic attendance inferred from embedded match extract.'),
  ('c289db84-11b0-5cf6-ba92-2168d918fa67'::uuid, 'e8c99a70-6f18-5776-a38e-77a2ccb0fbc4'::uuid, 'afeb444c-9d3e-5129-8406-b6e43a17a88d'::uuid, true, null, 'Historic attendance inferred from embedded match extract.'),
  ('5a77a762-c73d-5b65-af78-ab2654446e52'::uuid, 'e8c99a70-6f18-5776-a38e-77a2ccb0fbc4'::uuid, '852d919c-b3b1-5efc-b205-934771ca4599'::uuid, true, null, 'Historic attendance inferred from embedded match extract.'),
  ('8fa34ca1-3bd4-5ec3-895d-2dc2c10508bd'::uuid, 'e8c99a70-6f18-5776-a38e-77a2ccb0fbc4'::uuid, '5b2a4c4e-264a-5bf9-a2b3-2b2ed797d456'::uuid, true, null, 'Historic attendance inferred from embedded match extract.'),
  ('0fc4217d-6b5e-5b59-bbbf-4f2248ea949d'::uuid, 'e8c99a70-6f18-5776-a38e-77a2ccb0fbc4'::uuid, 'a31bb001-bddb-5c5a-b74d-16dc5cfa49a3'::uuid, true, null, 'Historic attendance inferred from embedded match extract.'),
  ('d4711639-0749-58f1-9465-a308e17dfd24'::uuid, 'e8c99a70-6f18-5776-a38e-77a2ccb0fbc4'::uuid, '519aa4d2-3603-5dfb-8004-12236d3922a6'::uuid, true, null, 'Historic attendance inferred from embedded match extract.'),
  ('0b8cc5e1-ecc3-5e2d-a47e-d6e46cd87673'::uuid, 'e8c99a70-6f18-5776-a38e-77a2ccb0fbc4'::uuid, 'f0c7cbfc-2250-5e4b-93de-a6c061855dbf'::uuid, true, null, 'Historic attendance inferred from embedded match extract.'),
  ('7cb7fc99-348d-5a8d-8406-1e202916406a'::uuid, 'e8c99a70-6f18-5776-a38e-77a2ccb0fbc4'::uuid, '1e0ee36f-2ae5-5a30-844c-cf159e753bb4'::uuid, true, null, 'Historic attendance inferred from embedded match extract.'),
  ('5b94c3be-4239-50e9-96b8-5ded607736a1'::uuid, 'e8c99a70-6f18-5776-a38e-77a2ccb0fbc4'::uuid, 'e37c689d-b31a-54a2-b766-67458f11e693'::uuid, true, null, 'Historic attendance inferred from embedded match extract.'),
  ('d1708041-67a7-5bf2-ad87-03c192e513b4'::uuid, 'e8c99a70-6f18-5776-a38e-77a2ccb0fbc4'::uuid, '0e01fd89-b73b-503f-95f5-cd92766be706'::uuid, true, null, 'Historic attendance inferred from embedded match extract.'),
  ('b1cd8050-e21b-5f10-8a04-2a3850b74fda'::uuid, 'e8c99a70-6f18-5776-a38e-77a2ccb0fbc4'::uuid, '5fae53ee-8420-5573-832e-aa19fcdfb10d'::uuid, true, null, 'Historic attendance inferred from embedded match extract.'),
  ('a96c140a-ffa3-5a68-b323-9af6d08ae158'::uuid, 'e8c99a70-6f18-5776-a38e-77a2ccb0fbc4'::uuid, 'b87dbf3e-cafa-5116-8ce6-975fe440be82'::uuid, true, null, 'Historic attendance inferred from embedded match extract.'),
  ('a3a481e6-7cbd-5a53-9b7f-a18cad2a50a4'::uuid, 'e8c99a70-6f18-5776-a38e-77a2ccb0fbc4'::uuid, '5571b0f4-1db8-5bb6-b32d-cbf24743cb8e'::uuid, true, null, 'Historic attendance inferred from embedded match extract.'),
  ('55846980-0571-5b0e-9971-0be2a7ad25e9'::uuid, 'e8c99a70-6f18-5776-a38e-77a2ccb0fbc4'::uuid, '27bb7ccc-03ec-5db6-8e64-22237511355a'::uuid, true, null, 'Historic attendance inferred from embedded match extract.'),
  ('616923ce-a1a6-5129-b4e1-5cce6758f37c'::uuid, 'e8c99a70-6f18-5776-a38e-77a2ccb0fbc4'::uuid, 'c599cc70-a11c-541f-ad67-47267f7e01f8'::uuid, true, null, 'Historic attendance inferred from embedded match extract.'),
  ('a2e03568-f377-5792-b373-4e72e90f87e5'::uuid, 'e8c99a70-6f18-5776-a38e-77a2ccb0fbc4'::uuid, '4ea2e495-4bab-51b6-9421-940ca7991690'::uuid, true, null, 'Historic attendance inferred from embedded match extract.'),
  ('4946503c-5ca5-5919-9b22-7915464ebffa'::uuid, 'e8c99a70-6f18-5776-a38e-77a2ccb0fbc4'::uuid, '7a87a628-32c5-51f2-b10c-3cd4926d378f'::uuid, true, null, 'Historic attendance inferred from embedded match extract.'),
  ('f0e7fe91-8adc-57bd-afff-7658c88dea51'::uuid, 'e8c99a70-6f18-5776-a38e-77a2ccb0fbc4'::uuid, 'af81165f-abf2-5fa1-a204-97456cea6331'::uuid, true, null, 'Historic attendance inferred from embedded match extract.'),
  ('1e6f4f07-d746-56e2-b729-87d98dee0e57'::uuid, '095680d9-4107-5a14-8fa1-5f1417c33261'::uuid, '1e0ee36f-2ae5-5a30-844c-cf159e753bb4'::uuid, true, null, 'Historic attendance inferred from embedded match extract.'),
  ('7d245ccc-360c-57f1-881e-909bd035ea78'::uuid, '095680d9-4107-5a14-8fa1-5f1417c33261'::uuid, 'f0c7cbfc-2250-5e4b-93de-a6c061855dbf'::uuid, true, null, 'Historic attendance inferred from embedded match extract.'),
  ('6041764d-1771-5b02-b7bf-6dd76ff33f20'::uuid, '095680d9-4107-5a14-8fa1-5f1417c33261'::uuid, 'e471b9c7-e709-54da-8fb3-0116001a981a'::uuid, true, null, 'Historic attendance inferred from embedded match extract.'),
  ('accd967d-45e5-58bd-950a-a7d3b27d4a42'::uuid, '095680d9-4107-5a14-8fa1-5f1417c33261'::uuid, 'c599cc70-a11c-541f-ad67-47267f7e01f8'::uuid, true, null, 'Historic attendance inferred from embedded match extract.'),
  ('024cfd4b-ef21-504a-8138-da3a2449e68b'::uuid, '095680d9-4107-5a14-8fa1-5f1417c33261'::uuid, 'a31bb001-bddb-5c5a-b74d-16dc5cfa49a3'::uuid, true, null, 'Historic attendance inferred from embedded match extract.'),
  ('3624f078-3ecc-5882-8464-fbf99e0148af'::uuid, '095680d9-4107-5a14-8fa1-5f1417c33261'::uuid, '171b2136-e851-51a3-b6ac-2f33895f6cb7'::uuid, true, null, 'Historic attendance inferred from embedded match extract.'),
  ('4c3c6ebe-0a13-5f97-a22d-869401142eaf'::uuid, '095680d9-4107-5a14-8fa1-5f1417c33261'::uuid, 'af81165f-abf2-5fa1-a204-97456cea6331'::uuid, true, null, 'Historic attendance inferred from embedded match extract.'),
  ('fb17c789-29f2-57c7-945c-2dbf52b7965c'::uuid, '095680d9-4107-5a14-8fa1-5f1417c33261'::uuid, 'afeb444c-9d3e-5129-8406-b6e43a17a88d'::uuid, true, null, 'Historic attendance inferred from embedded match extract.'),
  ('bac715ce-8b97-5e1f-bacf-aae851aceaf7'::uuid, '095680d9-4107-5a14-8fa1-5f1417c33261'::uuid, '27bb7ccc-03ec-5db6-8e64-22237511355a'::uuid, true, null, 'Historic attendance inferred from embedded match extract.'),
  ('d4df19af-96b5-5ba2-afa5-8d3f70abba68'::uuid, '095680d9-4107-5a14-8fa1-5f1417c33261'::uuid, '519aa4d2-3603-5dfb-8004-12236d3922a6'::uuid, true, null, 'Historic attendance inferred from embedded match extract.'),
  ('99878476-cd06-5770-98bf-95f5fc20386c'::uuid, '095680d9-4107-5a14-8fa1-5f1417c33261'::uuid, '220da543-58e1-5ffe-9fba-b78abc5bf951'::uuid, true, null, 'Historic attendance inferred from embedded match extract.'),
  ('cae21886-77b9-5890-bdd6-cada1fa1d499'::uuid, '095680d9-4107-5a14-8fa1-5f1417c33261'::uuid, 'a9838793-4f23-57da-b044-7d7e2e50f9ca'::uuid, true, null, 'Historic attendance inferred from embedded match extract.'),
  ('a1afe93f-607d-513a-9c2e-cd9f2955ec1d'::uuid, '095680d9-4107-5a14-8fa1-5f1417c33261'::uuid, '4c13c601-1986-5b72-8c75-1a442a2d8bf8'::uuid, true, null, 'Historic attendance inferred from embedded match extract.'),
  ('285d4af0-0d07-5ca3-9188-38a7509a1825'::uuid, '095680d9-4107-5a14-8fa1-5f1417c33261'::uuid, 'e37c689d-b31a-54a2-b766-67458f11e693'::uuid, true, null, 'Historic attendance inferred from embedded match extract.'),
  ('2f204160-e747-5cd5-ba74-7d9d54a7db7d'::uuid, '095680d9-4107-5a14-8fa1-5f1417c33261'::uuid, 'feedad5f-6aaa-5d87-adae-82dba0cc924a'::uuid, true, null, 'Historic attendance inferred from embedded match extract.'),
  ('14604e6e-b32b-5eb5-b366-646863e56964'::uuid, '095680d9-4107-5a14-8fa1-5f1417c33261'::uuid, '5fae53ee-8420-5573-832e-aa19fcdfb10d'::uuid, true, null, 'Historic attendance inferred from embedded match extract.'),
  ('5340e6f9-0c59-5b5b-9097-5b8d20c87d37'::uuid, 'cbe00f46-d6d8-5ad0-ae2c-58b43c745bc2'::uuid, '45ce590d-fe6c-5971-abcb-c09090cba52b'::uuid, true, null, 'Historic attendance inferred from embedded match extract.'),
  ('69c73c3c-928c-537f-8c00-6b1ca841c85b'::uuid, 'cbe00f46-d6d8-5ad0-ae2c-58b43c745bc2'::uuid, '5fae53ee-8420-5573-832e-aa19fcdfb10d'::uuid, true, null, 'Historic attendance inferred from embedded match extract.'),
  ('342d8bb7-db39-5762-8894-51f3064e523b'::uuid, 'cbe00f46-d6d8-5ad0-ae2c-58b43c745bc2'::uuid, '5571b0f4-1db8-5bb6-b32d-cbf24743cb8e'::uuid, true, null, 'Historic attendance inferred from embedded match extract.'),
  ('3d8507cd-eca2-51f5-9789-f974f68177e6'::uuid, 'cbe00f46-d6d8-5ad0-ae2c-58b43c745bc2'::uuid, '27bb7ccc-03ec-5db6-8e64-22237511355a'::uuid, true, null, 'Historic attendance inferred from embedded match extract.'),
  ('5291da04-7746-5b5f-9e54-8bdc8a8f3e1b'::uuid, 'cbe00f46-d6d8-5ad0-ae2c-58b43c745bc2'::uuid, 'feedad5f-6aaa-5d87-adae-82dba0cc924a'::uuid, true, null, 'Historic attendance inferred from embedded match extract.'),
  ('9e7c7c2b-348f-5ec4-9dfe-5b2cfe1ee528'::uuid, 'cbe00f46-d6d8-5ad0-ae2c-58b43c745bc2'::uuid, 'c599cc70-a11c-541f-ad67-47267f7e01f8'::uuid, true, null, 'Historic attendance inferred from embedded match extract.'),
  ('9f5187fd-977c-5c2f-8290-0b0cf135d888'::uuid, 'cbe00f46-d6d8-5ad0-ae2c-58b43c745bc2'::uuid, '4ea2e495-4bab-51b6-9421-940ca7991690'::uuid, true, null, 'Historic attendance inferred from embedded match extract.'),
  ('32506fa6-0ed5-5d86-9203-21222a5159d3'::uuid, 'cbe00f46-d6d8-5ad0-ae2c-58b43c745bc2'::uuid, '4f423e7b-a9c1-5be2-87fd-ea2f71ed786f'::uuid, true, null, 'Historic attendance inferred from embedded match extract.'),
  ('1dd4106c-e8c7-5e7b-9764-6db69c49d728'::uuid, 'cbe00f46-d6d8-5ad0-ae2c-58b43c745bc2'::uuid, 'afeb444c-9d3e-5129-8406-b6e43a17a88d'::uuid, true, null, 'Historic attendance inferred from embedded match extract.'),
  ('4b046d86-044b-5720-bb60-3bfac4b92702'::uuid, 'cbe00f46-d6d8-5ad0-ae2c-58b43c745bc2'::uuid, '1e0ee36f-2ae5-5a30-844c-cf159e753bb4'::uuid, true, null, 'Historic attendance inferred from embedded match extract.'),
  ('62c3e1a4-5f15-54cc-a52f-e68b9a5a2888'::uuid, 'cbe00f46-d6d8-5ad0-ae2c-58b43c745bc2'::uuid, 'f0c7cbfc-2250-5e4b-93de-a6c061855dbf'::uuid, true, null, 'Historic attendance inferred from embedded match extract.'),
  ('f5d6d651-ca77-525d-b378-def67efd9a9e'::uuid, 'cbe00f46-d6d8-5ad0-ae2c-58b43c745bc2'::uuid, '220da543-58e1-5ffe-9fba-b78abc5bf951'::uuid, true, null, 'Historic attendance inferred from embedded match extract.'),
  ('bef6a13d-131c-59b8-860e-197caef57b03'::uuid, 'cbe00f46-d6d8-5ad0-ae2c-58b43c745bc2'::uuid, '171b2136-e851-51a3-b6ac-2f33895f6cb7'::uuid, true, null, 'Historic attendance inferred from embedded match extract.'),
  ('55df5b89-47a1-5e4b-8769-a791333abb66'::uuid, 'cbe00f46-d6d8-5ad0-ae2c-58b43c745bc2'::uuid, '0a3d9721-e3d8-5d52-b687-fab4b2ad5c5b'::uuid, true, null, 'Historic attendance inferred from embedded match extract.'),
  ('d5488133-2c10-57d4-924b-e62827dd9e90'::uuid, 'cbe00f46-d6d8-5ad0-ae2c-58b43c745bc2'::uuid, 'a9838793-4f23-57da-b044-7d7e2e50f9ca'::uuid, true, null, 'Historic attendance inferred from embedded match extract.'),
  ('1ee2bb3e-1f45-5fb0-bca8-cffe32e746aa'::uuid, 'cbe00f46-d6d8-5ad0-ae2c-58b43c745bc2'::uuid, 'af81165f-abf2-5fa1-a204-97456cea6331'::uuid, true, null, 'Historic attendance inferred from embedded match extract.'),
  ('adb3887d-7200-5571-9a9f-e9de91de7fb7'::uuid, 'cbe00f46-d6d8-5ad0-ae2c-58b43c745bc2'::uuid, '4084e67e-9798-54af-8532-a05d7cf1fa1c'::uuid, true, null, 'Historic attendance inferred from embedded match extract.'),
  ('85454725-c0cb-51e3-8296-9c0804a7338c'::uuid, 'cbe00f46-d6d8-5ad0-ae2c-58b43c745bc2'::uuid, '4c13c601-1986-5b72-8c75-1a442a2d8bf8'::uuid, true, null, 'Historic attendance inferred from embedded match extract.'),
  ('f4057afd-c7c3-55e6-a510-b8a4688d53ea'::uuid, 'cbe00f46-d6d8-5ad0-ae2c-58b43c745bc2'::uuid, 'a31bb001-bddb-5c5a-b74d-16dc5cfa49a3'::uuid, true, null, 'Historic attendance inferred from embedded match extract.'),
  ('8385ba60-522d-5173-93ad-5cab0125c7a8'::uuid, 'cbe00f46-d6d8-5ad0-ae2c-58b43c745bc2'::uuid, '519aa4d2-3603-5dfb-8004-12236d3922a6'::uuid, true, null, 'Historic attendance inferred from embedded match extract.'),
  ('45e5c5ef-b8fc-5906-9848-7d911ea44a2e'::uuid, 'abcbff74-a235-51fe-88e3-2a0f20297439'::uuid, 'c599cc70-a11c-541f-ad67-47267f7e01f8'::uuid, true, null, 'Historic attendance inferred from embedded match extract.'),
  ('e6872d8e-f4ca-5880-b094-13ec66332237'::uuid, 'abcbff74-a235-51fe-88e3-2a0f20297439'::uuid, '0a3d9721-e3d8-5d52-b687-fab4b2ad5c5b'::uuid, true, null, 'Historic attendance inferred from embedded match extract.'),
  ('46c5a656-8525-5e07-85f5-433471a9ea3e'::uuid, 'abcbff74-a235-51fe-88e3-2a0f20297439'::uuid, 'f0c7cbfc-2250-5e4b-93de-a6c061855dbf'::uuid, true, null, 'Historic attendance inferred from embedded match extract.'),
  ('f383ac05-aed9-5f22-9810-3d994597be17'::uuid, 'abcbff74-a235-51fe-88e3-2a0f20297439'::uuid, '4c13c601-1986-5b72-8c75-1a442a2d8bf8'::uuid, true, null, 'Historic attendance inferred from embedded match extract.'),
  ('a65ce161-85a2-5e8e-a22c-0983b3436752'::uuid, 'abcbff74-a235-51fe-88e3-2a0f20297439'::uuid, '171b2136-e851-51a3-b6ac-2f33895f6cb7'::uuid, true, null, 'Historic attendance inferred from embedded match extract.'),
  ('6795cd7e-9586-5119-a524-2c8f1b0ea251'::uuid, 'abcbff74-a235-51fe-88e3-2a0f20297439'::uuid, 'afeb444c-9d3e-5129-8406-b6e43a17a88d'::uuid, true, null, 'Historic attendance inferred from embedded match extract.'),
  ('c505cf8f-5009-56cc-aea4-cb56ba350811'::uuid, 'abcbff74-a235-51fe-88e3-2a0f20297439'::uuid, '220da543-58e1-5ffe-9fba-b78abc5bf951'::uuid, true, null, 'Historic attendance inferred from embedded match extract.'),
  ('ae791ec5-bff8-5319-a945-071cc3719209'::uuid, 'abcbff74-a235-51fe-88e3-2a0f20297439'::uuid, '5fae53ee-8420-5573-832e-aa19fcdfb10d'::uuid, true, null, 'Historic attendance inferred from embedded match extract.'),
  ('92210329-03ee-5408-a3d8-b4efc35c480f'::uuid, 'abcbff74-a235-51fe-88e3-2a0f20297439'::uuid, '519aa4d2-3603-5dfb-8004-12236d3922a6'::uuid, true, null, 'Historic attendance inferred from embedded match extract.'),
  ('b7f687cf-768f-53ec-b0d0-a51282dcb8c1'::uuid, 'abcbff74-a235-51fe-88e3-2a0f20297439'::uuid, '1e0ee36f-2ae5-5a30-844c-cf159e753bb4'::uuid, true, null, 'Historic attendance inferred from embedded match extract.'),
  ('8849a2e5-9b9f-5554-8a47-3f6b3337c4aa'::uuid, 'abcbff74-a235-51fe-88e3-2a0f20297439'::uuid, '4084e67e-9798-54af-8532-a05d7cf1fa1c'::uuid, true, null, 'Historic attendance inferred from embedded match extract.'),
  ('3b43e383-1cfd-59d0-8e0c-3ca1f57cd775'::uuid, 'abcbff74-a235-51fe-88e3-2a0f20297439'::uuid, '45ce590d-fe6c-5971-abcb-c09090cba52b'::uuid, true, null, 'Historic attendance inferred from embedded match extract.'),
  ('761a4b71-fb24-5e72-acee-6503634656e0'::uuid, 'abcbff74-a235-51fe-88e3-2a0f20297439'::uuid, '5571b0f4-1db8-5bb6-b32d-cbf24743cb8e'::uuid, true, null, 'Historic attendance inferred from embedded match extract.'),
  ('5090589c-5caf-50f7-b96d-6d445821c66c'::uuid, 'abcbff74-a235-51fe-88e3-2a0f20297439'::uuid, 'a31bb001-bddb-5c5a-b74d-16dc5cfa49a3'::uuid, true, null, 'Historic attendance inferred from embedded match extract.'),
  ('20f8563a-2907-591f-8e4b-ec233eb88b07'::uuid, 'abcbff74-a235-51fe-88e3-2a0f20297439'::uuid, 'c9df655c-1617-56e1-8a27-b522f0eec157'::uuid, true, null, 'Historic attendance inferred from embedded match extract.'),
  ('72d728bb-8846-5294-a9f0-b14d254741c7'::uuid, 'abcbff74-a235-51fe-88e3-2a0f20297439'::uuid, '5b2a4c4e-264a-5bf9-a2b3-2b2ed797d456'::uuid, true, null, 'Historic attendance inferred from embedded match extract.'),
  ('91d0f8fc-dbb7-5824-8929-f3b57ede84f4'::uuid, 'abcbff74-a235-51fe-88e3-2a0f20297439'::uuid, '4ea2e495-4bab-51b6-9421-940ca7991690'::uuid, true, null, 'Historic attendance inferred from embedded match extract.'),
  ('2e6bdc7e-936e-55ec-acc4-d829d69489e4'::uuid, 'abcbff74-a235-51fe-88e3-2a0f20297439'::uuid, '3aa4e93a-a904-5fc8-a6e0-022f2c31d696'::uuid, true, null, 'Historic attendance inferred from embedded match extract.'),
  ('26567a4a-a484-5eb4-b44f-c97d4f1a5eca'::uuid, 'abcbff74-a235-51fe-88e3-2a0f20297439'::uuid, 'feedad5f-6aaa-5d87-adae-82dba0cc924a'::uuid, true, null, 'Historic attendance inferred from embedded match extract.'),
  ('bd92053d-7ec0-5473-9950-96554ce22229'::uuid, 'abcbff74-a235-51fe-88e3-2a0f20297439'::uuid, 'e37c689d-b31a-54a2-b766-67458f11e693'::uuid, true, null, 'Historic attendance inferred from embedded match extract.')
on conflict (id) do update set
  attending = excluded.attending,
  tour_handicap = excluded.tour_handicap,
  notes = excluded.notes;

insert into tour_teams (id, tour_id, name, colour, captain_player_id, sort_order) values
  ('0e0b8106-cab4-5c93-8cd8-22d2fd68ec77'::uuid, '095680d9-4107-5a14-8fa1-5f1417c33261'::uuid, '2022 Archive Side A', null, null, 1),
  ('0ce46b34-6473-5adf-907b-a476f74123e1'::uuid, '095680d9-4107-5a14-8fa1-5f1417c33261'::uuid, '2022 Archive Side B', null, null, 2),
  ('ecf6ffd3-2ada-5a20-8d8f-1c12a22b23f2'::uuid, 'cbe00f46-d6d8-5ad0-ae2c-58b43c745bc2'::uuid, '2023 Archive Side A', null, null, 1),
  ('9e6cdbf8-9c09-54cb-829a-dada734bbd4d'::uuid, 'cbe00f46-d6d8-5ad0-ae2c-58b43c745bc2'::uuid, '2023 Archive Side B', null, null, 2),
  ('69a2178c-d31c-5ec6-bf0c-d240f2d48321'::uuid, 'abcbff74-a235-51fe-88e3-2a0f20297439'::uuid, '2024 Archive Side A', null, null, 1),
  ('eb7c869b-e61c-5010-b40d-99ad0b685b72'::uuid, 'abcbff74-a235-51fe-88e3-2a0f20297439'::uuid, '2024 Archive Side B', null, null, 2),
  ('47f68b69-cae8-5de8-83e3-a495719d1b9e'::uuid, 'e8c99a70-6f18-5776-a38e-77a2ccb0fbc4'::uuid, 'Team Bamford', null, 'af81165f-abf2-5fa1-a204-97456cea6331'::uuid, 1),
  ('5f1670e9-fb4d-5d92-901f-cd6bed76d2b0'::uuid, 'e8c99a70-6f18-5776-a38e-77a2ccb0fbc4'::uuid, 'Team Truman', null, '4c13c601-1986-5b72-8c75-1a442a2d8bf8'::uuid, 2),
  ('de5f12c2-f246-5a0c-a683-ea3b7e3ef3b4'::uuid, '75eef879-253b-57f7-a977-35918e3c356e'::uuid, 'Team 1 TBC', 'TBC', null, 1),
  ('843238aa-79ab-5e0c-9184-0f7e5f5c276f'::uuid, '75eef879-253b-57f7-a977-35918e3c356e'::uuid, 'Team 2 TBC', 'TBC', null, 2)
on conflict (id) do update set
  name = excluded.name,
  colour = excluded.colour,
  captain_player_id = excluded.captain_player_id,
  sort_order = excluded.sort_order;

insert into tour_team_members (id, tour_id, team_id, player_id) values
  ('a79761a5-14fe-587e-b3bf-e3177382c767'::uuid, 'e8c99a70-6f18-5776-a38e-77a2ccb0fbc4'::uuid, '47f68b69-cae8-5de8-83e3-a495719d1b9e'::uuid, 'af81165f-abf2-5fa1-a204-97456cea6331'::uuid),
  ('28926488-9dc9-51ec-b557-f6af9ffeafd1'::uuid, 'e8c99a70-6f18-5776-a38e-77a2ccb0fbc4'::uuid, '47f68b69-cae8-5de8-83e3-a495719d1b9e'::uuid, '0e01fd89-b73b-503f-95f5-cd92766be706'::uuid),
  ('ad70c88a-6a9e-50fb-89ce-0ba8de75cc9f'::uuid, 'e8c99a70-6f18-5776-a38e-77a2ccb0fbc4'::uuid, '47f68b69-cae8-5de8-83e3-a495719d1b9e'::uuid, 'a31bb001-bddb-5c5a-b74d-16dc5cfa49a3'::uuid),
  ('bc8db977-b7c5-5209-9de4-cd5b9a6543bb'::uuid, 'e8c99a70-6f18-5776-a38e-77a2ccb0fbc4'::uuid, '47f68b69-cae8-5de8-83e3-a495719d1b9e'::uuid, '45ce590d-fe6c-5971-abcb-c09090cba52b'::uuid),
  ('5e025038-8d15-5249-be16-5d51eb1ee0d5'::uuid, 'e8c99a70-6f18-5776-a38e-77a2ccb0fbc4'::uuid, '47f68b69-cae8-5de8-83e3-a495719d1b9e'::uuid, '27bb7ccc-03ec-5db6-8e64-22237511355a'::uuid),
  ('e6680a3b-8a11-5ef1-b7a9-c528ca645d1c'::uuid, 'e8c99a70-6f18-5776-a38e-77a2ccb0fbc4'::uuid, '47f68b69-cae8-5de8-83e3-a495719d1b9e'::uuid, 'e471b9c7-e709-54da-8fb3-0116001a981a'::uuid),
  ('d69096a8-7e50-5ff7-b1d7-5424070859a4'::uuid, 'e8c99a70-6f18-5776-a38e-77a2ccb0fbc4'::uuid, '47f68b69-cae8-5de8-83e3-a495719d1b9e'::uuid, 'e37c689d-b31a-54a2-b766-67458f11e693'::uuid),
  ('ada87db8-b981-5738-bfef-7a9617a94fac'::uuid, 'e8c99a70-6f18-5776-a38e-77a2ccb0fbc4'::uuid, '47f68b69-cae8-5de8-83e3-a495719d1b9e'::uuid, 'afeb444c-9d3e-5129-8406-b6e43a17a88d'::uuid),
  ('78d32ccd-fb0d-52b5-b75f-972a7a9d6ab6'::uuid, 'e8c99a70-6f18-5776-a38e-77a2ccb0fbc4'::uuid, '47f68b69-cae8-5de8-83e3-a495719d1b9e'::uuid, '5571b0f4-1db8-5bb6-b32d-cbf24743cb8e'::uuid),
  ('61f4c6dc-a324-55ca-bd73-a6c0428713bf'::uuid, 'e8c99a70-6f18-5776-a38e-77a2ccb0fbc4'::uuid, '47f68b69-cae8-5de8-83e3-a495719d1b9e'::uuid, '519aa4d2-3603-5dfb-8004-12236d3922a6'::uuid),
  ('1e0118f8-bdf1-5e0a-8c90-a2fc3c1af246'::uuid, 'e8c99a70-6f18-5776-a38e-77a2ccb0fbc4'::uuid, '47f68b69-cae8-5de8-83e3-a495719d1b9e'::uuid, '7a87a628-32c5-51f2-b10c-3cd4926d378f'::uuid),
  ('1ad7fb85-1c62-5e13-beb2-9706044d4740'::uuid, 'e8c99a70-6f18-5776-a38e-77a2ccb0fbc4'::uuid, '47f68b69-cae8-5de8-83e3-a495719d1b9e'::uuid, '171b2136-e851-51a3-b6ac-2f33895f6cb7'::uuid),
  ('4de6b4ba-6ad3-541a-915b-e7b12111a095'::uuid, 'e8c99a70-6f18-5776-a38e-77a2ccb0fbc4'::uuid, '5f1670e9-fb4d-5d92-901f-cd6bed76d2b0'::uuid, '4c13c601-1986-5b72-8c75-1a442a2d8bf8'::uuid),
  ('dadd1ade-2ef6-51f1-bcfc-ef14d9b38d2d'::uuid, 'e8c99a70-6f18-5776-a38e-77a2ccb0fbc4'::uuid, '5f1670e9-fb4d-5d92-901f-cd6bed76d2b0'::uuid, 'feedad5f-6aaa-5d87-adae-82dba0cc924a'::uuid),
  ('308d174f-0117-5ddb-ae0a-f9734a3aada3'::uuid, 'e8c99a70-6f18-5776-a38e-77a2ccb0fbc4'::uuid, '5f1670e9-fb4d-5d92-901f-cd6bed76d2b0'::uuid, '4ea2e495-4bab-51b6-9421-940ca7991690'::uuid),
  ('2b9fa6c5-0b63-548a-aa5e-555ed28374f0'::uuid, 'e8c99a70-6f18-5776-a38e-77a2ccb0fbc4'::uuid, '5f1670e9-fb4d-5d92-901f-cd6bed76d2b0'::uuid, '220da543-58e1-5ffe-9fba-b78abc5bf951'::uuid),
  ('792f679b-ada3-5932-b309-db5e63dce879'::uuid, 'e8c99a70-6f18-5776-a38e-77a2ccb0fbc4'::uuid, '5f1670e9-fb4d-5d92-901f-cd6bed76d2b0'::uuid, '5b2a4c4e-264a-5bf9-a2b3-2b2ed797d456'::uuid),
  ('1a4fa34d-75e7-572b-8964-81eeb4e2b56b'::uuid, 'e8c99a70-6f18-5776-a38e-77a2ccb0fbc4'::uuid, '5f1670e9-fb4d-5d92-901f-cd6bed76d2b0'::uuid, '1e0ee36f-2ae5-5a30-844c-cf159e753bb4'::uuid),
  ('a219b8a3-972a-5963-aef4-e311033d6f99'::uuid, 'e8c99a70-6f18-5776-a38e-77a2ccb0fbc4'::uuid, '5f1670e9-fb4d-5d92-901f-cd6bed76d2b0'::uuid, 'b87dbf3e-cafa-5116-8ce6-975fe440be82'::uuid),
  ('1a67a5cd-1e0b-5b86-a115-05aece43af8b'::uuid, 'e8c99a70-6f18-5776-a38e-77a2ccb0fbc4'::uuid, '5f1670e9-fb4d-5d92-901f-cd6bed76d2b0'::uuid, '852d919c-b3b1-5efc-b205-934771ca4599'::uuid),
  ('4a2f4c63-dccf-5557-bab4-c1acb4a145fc'::uuid, 'e8c99a70-6f18-5776-a38e-77a2ccb0fbc4'::uuid, '5f1670e9-fb4d-5d92-901f-cd6bed76d2b0'::uuid, 'f0c7cbfc-2250-5e4b-93de-a6c061855dbf'::uuid),
  ('f5956f69-407f-5698-92d8-bbc2848e1ff5'::uuid, 'e8c99a70-6f18-5776-a38e-77a2ccb0fbc4'::uuid, '5f1670e9-fb4d-5d92-901f-cd6bed76d2b0'::uuid, 'add47b5e-6f6a-5c49-b2d3-15dd8cfd84e1'::uuid),
  ('c199c2e4-81a7-574a-b85b-781aa68aead9'::uuid, 'e8c99a70-6f18-5776-a38e-77a2ccb0fbc4'::uuid, '5f1670e9-fb4d-5d92-901f-cd6bed76d2b0'::uuid, 'c599cc70-a11c-541f-ad67-47267f7e01f8'::uuid),
  ('f8ef630e-837c-531e-aded-223012191286'::uuid, 'e8c99a70-6f18-5776-a38e-77a2ccb0fbc4'::uuid, '5f1670e9-fb4d-5d92-901f-cd6bed76d2b0'::uuid, '5fae53ee-8420-5573-832e-aa19fcdfb10d'::uuid)
on conflict (id) do nothing;

insert into tour_team_results (id, tour_id, team_id, final_points, position, result_status, notes) values
  ('a6c360a2-40a3-5990-ab84-d13dee43a710'::uuid, '095680d9-4107-5a14-8fa1-5f1417c33261'::uuid, '0e0b8106-cab4-5c93-8cd8-22d2fd68ec77'::uuid, null, null, 'tbd', 'Archive placeholder side; not a real team result.'),
  ('edaebd0b-9074-543c-8130-f8abd09ef10e'::uuid, '095680d9-4107-5a14-8fa1-5f1417c33261'::uuid, '0ce46b34-6473-5adf-907b-a476f74123e1'::uuid, null, null, 'tbd', 'Archive placeholder side; not a real team result.'),
  ('e5e0af06-e7c3-5a90-a7b8-14f69535fb61'::uuid, 'cbe00f46-d6d8-5ad0-ae2c-58b43c745bc2'::uuid, 'ecf6ffd3-2ada-5a20-8d8f-1c12a22b23f2'::uuid, null, null, 'tbd', 'Archive placeholder side; not a real team result.'),
  ('a08d454c-508e-5c33-9f52-fea2a9fa5f01'::uuid, 'cbe00f46-d6d8-5ad0-ae2c-58b43c745bc2'::uuid, '9e6cdbf8-9c09-54cb-829a-dada734bbd4d'::uuid, null, null, 'tbd', 'Archive placeholder side; not a real team result.'),
  ('a3c3b656-deee-5cb9-87ee-d59f9afb12ca'::uuid, 'abcbff74-a235-51fe-88e3-2a0f20297439'::uuid, '69a2178c-d31c-5ec6-bf0c-d240f2d48321'::uuid, null, null, 'tbd', 'Archive placeholder side; not a real team result.'),
  ('4fedf47c-e1f6-5550-9615-0086d88cf6b4'::uuid, 'abcbff74-a235-51fe-88e3-2a0f20297439'::uuid, 'eb7c869b-e61c-5010-b40d-99ad0b685b72'::uuid, null, null, 'tbd', 'Archive placeholder side; not a real team result.'),
  ('4427c09f-3f16-5957-b14a-5de353187a34'::uuid, '75eef879-253b-57f7-a977-35918e3c356e'::uuid, 'de5f12c2-f246-5a0c-a683-ea3b7e3ef3b4'::uuid, null, null, 'tbd', '2026 result TBC.'),
  ('3cdeb706-6d86-5a7f-bf12-89601be4274f'::uuid, '75eef879-253b-57f7-a977-35918e3c356e'::uuid, '843238aa-79ab-5e0c-9184-0f7e5f5c276f'::uuid, null, null, 'tbd', '2026 result TBC.'),
  ('3286a7cb-62b9-5f7e-98b1-b43ac7213df8'::uuid, 'e8c99a70-6f18-5776-a38e-77a2ccb0fbc4'::uuid, '47f68b69-cae8-5de8-83e3-a495719d1b9e'::uuid, 10.5, 2, 'runner_up', 'Team Bamford runner-up; Team Truman won 13.5 to 10.5 based on embedded 2025 match results.'),
  ('e282cab4-fabf-56e2-b180-6f3c25589871'::uuid, 'e8c99a70-6f18-5776-a38e-77a2ccb0fbc4'::uuid, '5f1670e9-fb4d-5d92-901f-cd6bed76d2b0'::uuid, 13.5, 1, 'winner', 'Team Truman winner; Team Truman won 13.5 to 10.5 based on embedded 2025 match results.')
on conflict (id) do update set
  final_points = excluded.final_points,
  position = excluded.position,
  result_status = excluded.result_status,
  notes = excluded.notes,
  updated_at = excluded.updated_at;

insert into rounds (id, tour_id, round_number, name, round_date, course_name, tee_time, format_label, notes, status) values
  ('00792866-00ae-5887-b6b9-8c450c9883f3'::uuid, 'e8c99a70-6f18-5776-a38e-77a2ccb0fbc4'::uuid, 1, 'R1', null, 'South Course', null, 'Team matchplay', 'Historic round imported from embedded Matches spreadsheet extract.', 'complete'),
  ('23643e7a-f9f3-582b-8931-8ca844dd2c64'::uuid, 'e8c99a70-6f18-5776-a38e-77a2ccb0fbc4'::uuid, 2, 'R2', null, 'Laranjal Course', null, 'Team matchplay', 'Historic round imported from embedded Matches spreadsheet extract.', 'complete'),
  ('3cea475c-2812-5895-aba4-b08c42d56ce4'::uuid, 'e8c99a70-6f18-5776-a38e-77a2ccb0fbc4'::uuid, 3, 'R3', null, 'Ombria Golf Resort', null, 'Singles', 'Historic round imported from embedded Matches spreadsheet extract.', 'complete'),
  ('6890ad4f-3950-5e2b-8c53-6dba11393f86'::uuid, '095680d9-4107-5a14-8fa1-5f1417c33261'::uuid, 1, 'Sun', null, 'Faldo Course', null, 'Team matchplay', 'Historic round imported from embedded Matches spreadsheet extract.', 'complete'),
  ('a1c6b1fe-019c-5cb1-a9bd-a49e4bf79b4d'::uuid, '095680d9-4107-5a14-8fa1-5f1417c33261'::uuid, 2, 'Tour', null, 'O''Connor Jnr. Course', null, 'Team matchplay', 'Historic round imported from embedded Matches spreadsheet extract.', 'complete'),
  ('4f14514d-d7ee-5aaf-87cb-1c3c07405136'::uuid, '095680d9-4107-5a14-8fa1-5f1417c33261'::uuid, 3, '44877', null, 'O''Connor Jnr. Course', null, 'Team matchplay', 'Historic round imported from embedded Matches spreadsheet extract.', 'complete'),
  ('fff114b8-8b55-5901-bf8b-941d36a8a9f0'::uuid, '095680d9-4107-5a14-8fa1-5f1417c33261'::uuid, 4, 'Singles (Faldo)', null, 'Faldo Course', null, 'Singles', 'Historic round imported from embedded Matches spreadsheet extract.', 'complete'),
  ('dc95973a-8631-5915-bde3-7d197fc1147f'::uuid, 'cbe00f46-d6d8-5ad0-ae2c-58b43c745bc2'::uuid, 1, 'Day 2', null, 'Old Course', null, 'Team matchplay', 'Historic round imported from embedded Matches spreadsheet extract.', 'complete'),
  ('b82eee2d-6629-5d38-9199-9dfc74449e4b'::uuid, 'cbe00f46-d6d8-5ad0-ae2c-58b43c745bc2'::uuid, 2, 'Day 1', null, 'Millenium Course', null, 'Team matchplay', 'Historic round imported from embedded Matches spreadsheet extract.', 'complete'),
  ('499ee24b-22fd-577d-a853-e729de694a88'::uuid, 'cbe00f46-d6d8-5ad0-ae2c-58b43c745bc2'::uuid, 3, 'Singles', null, 'Victoria Course', null, 'Singles', 'Historic round imported from embedded Matches spreadsheet extract.', 'complete'),
  ('d1528101-56da-5dfb-8b6d-89c540901c8b'::uuid, '095680d9-4107-5a14-8fa1-5f1417c33261'::uuid, 5, 'Singles', null, 'Victoria Course', null, 'Singles', 'Historic round imported from embedded Matches spreadsheet extract.', 'complete'),
  ('9a0310ee-08e0-547e-8535-78291a255cb4'::uuid, 'abcbff74-a235-51fe-88e3-2a0f20297439'::uuid, 1, 'R2', null, 'laranjal', null, 'Team matchplay', 'Historic round imported from embedded Matches spreadsheet extract.', 'complete'),
  ('c0b150f4-aff9-5b3a-9b7a-5dba1dc8708e'::uuid, 'abcbff74-a235-51fe-88e3-2a0f20297439'::uuid, 2, 'R3', null, 'North Course', null, 'Singles', 'Historic round imported from embedded Matches spreadsheet extract.', 'complete'),
  ('d6757980-7a0f-530a-a11d-5ba97c21192c'::uuid, 'abcbff74-a235-51fe-88e3-2a0f20297439'::uuid, 3, 'R1', null, 'Monte Rei Golf & Country Club', null, 'Team matchplay', 'Historic round imported from embedded Matches spreadsheet extract.', 'complete'),
  ('5cc48554-65f3-5edd-a6ab-d45d53757810'::uuid, '75eef879-253b-57f7-a977-35918e3c356e'::uuid, 1, 'Friday placeholder round', '2026-11-06', 'Amendoeira course TBC', null, 'Format TBC', 'Placeholder 2026 round; tee times and exact course names TBC.', 'planned'),
  ('1994b208-68d7-513d-a812-2f009f1a6460'::uuid, '75eef879-253b-57f7-a977-35918e3c356e'::uuid, 2, 'Saturday placeholder round', '2026-11-07', 'Amendoeira course TBC', null, 'Format TBC', 'Placeholder 2026 round; tee times and exact course names TBC.', 'planned'),
  ('6bd0339a-650f-5017-99b9-3fa3f464e419'::uuid, '75eef879-253b-57f7-a977-35918e3c356e'::uuid, 3, 'Sunday placeholder round', '2026-11-08', 'Amendoeira course TBC', null, 'Format TBC', 'Placeholder 2026 round; tee times and exact course names TBC.', 'planned'),
  ('e70aafb5-de59-579b-87e1-5cf4dc89e6c7'::uuid, '75eef879-253b-57f7-a977-35918e3c356e'::uuid, 4, 'Monday placeholder round', '2026-11-09', 'Amendoeira course TBC', null, 'Format TBC', 'Placeholder 2026 round; tee times and exact course names TBC.', 'planned')
on conflict (id) do update set
  name = excluded.name,
  round_date = excluded.round_date,
  course_name = excluded.course_name,
  tee_time = excluded.tee_time,
  format_label = excluded.format_label,
  notes = excluded.notes,
  status = excluded.status,
  updated_at = excluded.updated_at;

insert into matches (id, tour_id, round_id, match_number, format, status, side_a_team_id, side_b_team_id, side_a_label, side_b_label, points_available, points_side_a, points_side_b, winning_side, result_text, tee_time, published, notes) values
  ('064063cb-fdd7-558c-9f3a-2dc8647698c1'::uuid, 'e8c99a70-6f18-5776-a38e-77a2ccb0fbc4'::uuid, '00792866-00ae-5887-b6b9-8c450c9883f3'::uuid, 1, 'better_ball', 'complete', '5f1670e9-fb4d-5d92-901f-cd6bed76d2b0'::uuid, '47f68b69-cae8-5de8-83e3-a495719d1b9e'::uuid, 'Dave Birn, Sam Truman', 'Tom Reed, Niels Verbeek', 1.0, 0, 1, 'B', 'Dave Birn, Sam Truman lost to Tom Reed, Niels Verbeek', null, true, 'Historic match imported from embedded Matches spreadsheet extract.'),
  ('f750c2e4-852c-59a6-bad4-be27496c437d'::uuid, 'e8c99a70-6f18-5776-a38e-77a2ccb0fbc4'::uuid, '00792866-00ae-5887-b6b9-8c450c9883f3'::uuid, 2, 'better_ball', 'complete', '5f1670e9-fb4d-5d92-901f-cd6bed76d2b0'::uuid, '47f68b69-cae8-5de8-83e3-a495719d1b9e'::uuid, 'Alex Tonge, Martin Horswood', 'Finn Begley, Nick Wells', 1.0, 0, 1, 'B', 'Alex Tonge, Martin Horswood lost to Finn Begley, Nick Wells', null, true, 'Historic match imported from embedded Matches spreadsheet extract.'),
  ('c523e1fd-ef49-562e-941a-fefacdff0d95'::uuid, 'e8c99a70-6f18-5776-a38e-77a2ccb0fbc4'::uuid, '00792866-00ae-5887-b6b9-8c450c9883f3'::uuid, 3, 'better_ball', 'complete', '5f1670e9-fb4d-5d92-901f-cd6bed76d2b0'::uuid, '47f68b69-cae8-5de8-83e3-a495719d1b9e'::uuid, 'Remi Worthhalter, Shaun Feldon', 'Connor Hamilton, Oliver Hunt', 1.0, 0, 1, 'B', 'Remi Worthhalter, Shaun Feldon lost to Connor Hamilton, Oliver Hunt', null, true, 'Historic match imported from embedded Matches spreadsheet extract.'),
  ('cf85bf76-75ed-5cae-9f95-1b0a2eb0f2b0'::uuid, 'e8c99a70-6f18-5776-a38e-77a2ccb0fbc4'::uuid, '00792866-00ae-5887-b6b9-8c450c9883f3'::uuid, 4, 'better_ball', 'complete', '5f1670e9-fb4d-5d92-901f-cd6bed76d2b0'::uuid, '47f68b69-cae8-5de8-83e3-a495719d1b9e'::uuid, 'Josh Conlan, Luke Gorman', 'Will Major, Henry Dubiel', 1.0, 1, 0, 'A', 'Josh Conlan, Luke Gorman beat Will Major, Henry Dubiel', null, true, 'Historic match imported from embedded Matches spreadsheet extract.'),
  ('a21d2ca0-93e7-5224-9637-31b39a0f2b99'::uuid, 'e8c99a70-6f18-5776-a38e-77a2ccb0fbc4'::uuid, '00792866-00ae-5887-b6b9-8c450c9883f3'::uuid, 5, 'better_ball', 'complete', '5f1670e9-fb4d-5d92-901f-cd6bed76d2b0'::uuid, '47f68b69-cae8-5de8-83e3-a495719d1b9e'::uuid, 'Adam Musikant, Sam Aycock', 'Ben Walmsley, Leif Skogland', 1.0, 0, 1, 'B', 'Adam Musikant, Sam Aycock lost to Ben Walmsley, Leif Skogland', null, true, 'Historic match imported from embedded Matches spreadsheet extract.'),
  ('4ed22919-ab82-5c1f-be4b-eb9c6282e020'::uuid, 'e8c99a70-6f18-5776-a38e-77a2ccb0fbc4'::uuid, '00792866-00ae-5887-b6b9-8c450c9883f3'::uuid, 6, 'better_ball', 'complete', '5f1670e9-fb4d-5d92-901f-cd6bed76d2b0'::uuid, '47f68b69-cae8-5de8-83e3-a495719d1b9e'::uuid, 'Robert Findlay, Scott Stanley', 'Sam Huxtable, Jack Bamford', 1.0, 1, 0, 'A', 'Robert Findlay, Scott Stanley beat Sam Huxtable, Jack Bamford', null, true, 'Historic match imported from embedded Matches spreadsheet extract.'),
  ('b32813a4-8beb-538a-86b9-e4f7386933ad'::uuid, 'e8c99a70-6f18-5776-a38e-77a2ccb0fbc4'::uuid, '23643e7a-f9f3-582b-8931-8ca844dd2c64'::uuid, 1, 'better_ball', 'complete', '5f1670e9-fb4d-5d92-901f-cd6bed76d2b0'::uuid, '47f68b69-cae8-5de8-83e3-a495719d1b9e'::uuid, 'Alex Tonge, Martin Horswood', 'Finn Begley, Sam Huxtable', 1.0, 1, 0, 'A', 'Alex Tonge, Martin Horswood beat Finn Begley, Sam Huxtable', null, true, 'Historic match imported from embedded Matches spreadsheet extract.'),
  ('49922c47-95b3-5153-88b1-20dc8dbb4e6e'::uuid, 'e8c99a70-6f18-5776-a38e-77a2ccb0fbc4'::uuid, '23643e7a-f9f3-582b-8931-8ca844dd2c64'::uuid, 2, 'better_ball', 'complete', '5f1670e9-fb4d-5d92-901f-cd6bed76d2b0'::uuid, '47f68b69-cae8-5de8-83e3-a495719d1b9e'::uuid, 'Scott Stanley, Remi Worthhalter', 'Tom Reed, Nick Wells', 1.0, 1, 0, 'A', 'Scott Stanley, Remi Worthhalter beat Tom Reed, Nick Wells', null, true, 'Historic match imported from embedded Matches spreadsheet extract.'),
  ('11141433-8ea7-5952-89d1-d0f39fcbe145'::uuid, 'e8c99a70-6f18-5776-a38e-77a2ccb0fbc4'::uuid, '23643e7a-f9f3-582b-8931-8ca844dd2c64'::uuid, 3, 'better_ball', 'complete', '5f1670e9-fb4d-5d92-901f-cd6bed76d2b0'::uuid, '47f68b69-cae8-5de8-83e3-a495719d1b9e'::uuid, 'Shaun Feldon, Sam Aycock', 'Ben Walmsley, Connor Hamilton', 1.0, 0, 1, 'B', 'Shaun Feldon, Sam Aycock lost to Ben Walmsley, Connor Hamilton', null, true, 'Historic match imported from embedded Matches spreadsheet extract.'),
  ('3019113f-5dc0-5975-928d-bcb77edbc172'::uuid, 'e8c99a70-6f18-5776-a38e-77a2ccb0fbc4'::uuid, '23643e7a-f9f3-582b-8931-8ca844dd2c64'::uuid, 4, 'better_ball', 'complete', '5f1670e9-fb4d-5d92-901f-cd6bed76d2b0'::uuid, '47f68b69-cae8-5de8-83e3-a495719d1b9e'::uuid, 'Dave Birn, Adam Musikant', 'Will Major, Leif Skogland', 1.0, 0, 1, 'B', 'Dave Birn, Adam Musikant lost to Will Major, Leif Skogland', null, true, 'Historic match imported from embedded Matches spreadsheet extract.'),
  ('0d39267b-087a-52c8-b42d-483bc2e70f7a'::uuid, 'e8c99a70-6f18-5776-a38e-77a2ccb0fbc4'::uuid, '23643e7a-f9f3-582b-8931-8ca844dd2c64'::uuid, 5, 'better_ball', 'complete', '5f1670e9-fb4d-5d92-901f-cd6bed76d2b0'::uuid, '47f68b69-cae8-5de8-83e3-a495719d1b9e'::uuid, 'Robert Findlay, Luke Gorman', 'Niels Verbeek, Jack Bamford', 1.0, 1, 0, 'A', 'Robert Findlay, Luke Gorman beat Niels Verbeek, Jack Bamford', null, true, 'Historic match imported from embedded Matches spreadsheet extract.'),
  ('f0ede8c4-e748-5c9d-891e-a6b991f57270'::uuid, 'e8c99a70-6f18-5776-a38e-77a2ccb0fbc4'::uuid, '23643e7a-f9f3-582b-8931-8ca844dd2c64'::uuid, 6, 'better_ball', 'complete', '5f1670e9-fb4d-5d92-901f-cd6bed76d2b0'::uuid, '47f68b69-cae8-5de8-83e3-a495719d1b9e'::uuid, 'Josh Conlan, Sam Truman', 'Oliver Hunt, Henry Dubiel', 1.0, 1, 0, 'A', 'Josh Conlan, Sam Truman beat Oliver Hunt, Henry Dubiel', null, true, 'Historic match imported from embedded Matches spreadsheet extract.'),
  ('8937a4d7-f113-5ef8-b92d-d7881e9c2080'::uuid, 'e8c99a70-6f18-5776-a38e-77a2ccb0fbc4'::uuid, '3cea475c-2812-5895-aba4-b08c42d56ce4'::uuid, 1, 'singles', 'complete', '5f1670e9-fb4d-5d92-901f-cd6bed76d2b0'::uuid, '47f68b69-cae8-5de8-83e3-a495719d1b9e'::uuid, 'Scott Stanley', 'Connor Hamilton', 1.0, 1, 0, 'A', 'Scott Stanley beat Connor Hamilton', null, true, 'Historic match imported from embedded Matches spreadsheet extract.'),
  ('b688ab1f-d19f-5536-9005-4eea71ec82f5'::uuid, 'e8c99a70-6f18-5776-a38e-77a2ccb0fbc4'::uuid, '3cea475c-2812-5895-aba4-b08c42d56ce4'::uuid, 2, 'singles', 'complete', '5f1670e9-fb4d-5d92-901f-cd6bed76d2b0'::uuid, '47f68b69-cae8-5de8-83e3-a495719d1b9e'::uuid, 'Sam Truman', 'Jack Bamford', 1.0, 1, 0, 'A', 'Sam Truman beat Jack Bamford', null, true, 'Historic match imported from embedded Matches spreadsheet extract.'),
  ('ccb4c915-1002-5ce6-b907-6e9ab52d134e'::uuid, 'e8c99a70-6f18-5776-a38e-77a2ccb0fbc4'::uuid, '3cea475c-2812-5895-aba4-b08c42d56ce4'::uuid, 3, 'singles', 'complete', '5f1670e9-fb4d-5d92-901f-cd6bed76d2b0'::uuid, '47f68b69-cae8-5de8-83e3-a495719d1b9e'::uuid, 'Alex Tonge', 'Tom Reed', 1.0, 1, 0, 'A', 'Alex Tonge beat Tom Reed', null, true, 'Historic match imported from embedded Matches spreadsheet extract.'),
  ('df800b9b-2646-5d4a-bc4a-16ef42a5a1af'::uuid, 'e8c99a70-6f18-5776-a38e-77a2ccb0fbc4'::uuid, '3cea475c-2812-5895-aba4-b08c42d56ce4'::uuid, 4, 'singles', 'complete', '5f1670e9-fb4d-5d92-901f-cd6bed76d2b0'::uuid, '47f68b69-cae8-5de8-83e3-a495719d1b9e'::uuid, 'Shaun Feldon', 'Leif Skogland', 1.0, 0, 1, 'B', 'Shaun Feldon lost to Leif Skogland', null, true, 'Historic match imported from embedded Matches spreadsheet extract.'),
  ('dda11c9c-501d-5ca7-94ee-ffb70d735890'::uuid, 'e8c99a70-6f18-5776-a38e-77a2ccb0fbc4'::uuid, '3cea475c-2812-5895-aba4-b08c42d56ce4'::uuid, 5, 'singles', 'complete', '5f1670e9-fb4d-5d92-901f-cd6bed76d2b0'::uuid, '47f68b69-cae8-5de8-83e3-a495719d1b9e'::uuid, 'Luke Gorman', 'Oliver Hunt', 1.0, 0, 1, 'B', 'Luke Gorman lost to Oliver Hunt', null, true, 'Historic match imported from embedded Matches spreadsheet extract.'),
  ('6f9f4339-e7b2-5595-acfd-2f8af84d3b7f'::uuid, 'e8c99a70-6f18-5776-a38e-77a2ccb0fbc4'::uuid, '3cea475c-2812-5895-aba4-b08c42d56ce4'::uuid, 6, 'singles', 'complete', '5f1670e9-fb4d-5d92-901f-cd6bed76d2b0'::uuid, '47f68b69-cae8-5de8-83e3-a495719d1b9e'::uuid, 'Josh Conlan', 'Finn Begley', 1.0, 0, 1, 'B', 'Josh Conlan lost to Finn Begley', null, true, 'Historic match imported from embedded Matches spreadsheet extract.'),
  ('43f15944-db33-5cdf-80e5-83e0d7e361a7'::uuid, 'e8c99a70-6f18-5776-a38e-77a2ccb0fbc4'::uuid, '3cea475c-2812-5895-aba4-b08c42d56ce4'::uuid, 7, 'singles', 'complete', '5f1670e9-fb4d-5d92-901f-cd6bed76d2b0'::uuid, '47f68b69-cae8-5de8-83e3-a495719d1b9e'::uuid, 'Dave Birn', 'Ben Walmsley', 1.0, 1, 0, 'A', 'Dave Birn beat Ben Walmsley', null, true, 'Historic match imported from embedded Matches spreadsheet extract.'),
  ('43440f48-00ea-5d0c-9b03-20ead8a5311b'::uuid, 'e8c99a70-6f18-5776-a38e-77a2ccb0fbc4'::uuid, '3cea475c-2812-5895-aba4-b08c42d56ce4'::uuid, 8, 'singles', 'complete', '5f1670e9-fb4d-5d92-901f-cd6bed76d2b0'::uuid, '47f68b69-cae8-5de8-83e3-a495719d1b9e'::uuid, 'Sam Aycock', 'Will Major', 1.0, 1, 0, 'A', 'Sam Aycock beat Will Major', null, true, 'Historic match imported from embedded Matches spreadsheet extract.'),
  ('12daddb7-2851-5fc1-a58e-a4e760078ca0'::uuid, 'e8c99a70-6f18-5776-a38e-77a2ccb0fbc4'::uuid, '3cea475c-2812-5895-aba4-b08c42d56ce4'::uuid, 9, 'singles', 'complete', '5f1670e9-fb4d-5d92-901f-cd6bed76d2b0'::uuid, '47f68b69-cae8-5de8-83e3-a495719d1b9e'::uuid, 'Remi Worthhalter', 'Sam Huxtable', 1.0, 1, 0, 'A', 'Remi Worthhalter beat Sam Huxtable', null, true, 'Historic match imported from embedded Matches spreadsheet extract.'),
  ('1d7870c2-3c10-54b4-a4dd-41f95bac8df5'::uuid, 'e8c99a70-6f18-5776-a38e-77a2ccb0fbc4'::uuid, '3cea475c-2812-5895-aba4-b08c42d56ce4'::uuid, 10, 'singles', 'complete', '5f1670e9-fb4d-5d92-901f-cd6bed76d2b0'::uuid, '47f68b69-cae8-5de8-83e3-a495719d1b9e'::uuid, 'Adam Musikant', 'Nick Wells', 1.0, 0.5, 0.5, 'halved', 'Adam Musikant halved with Nick Wells', null, true, 'Historic match imported from embedded Matches spreadsheet extract.'),
  ('82cfc5ed-0a8f-5b4a-8f1c-6ca788b560ee'::uuid, 'e8c99a70-6f18-5776-a38e-77a2ccb0fbc4'::uuid, '3cea475c-2812-5895-aba4-b08c42d56ce4'::uuid, 11, 'singles', 'complete', '5f1670e9-fb4d-5d92-901f-cd6bed76d2b0'::uuid, '47f68b69-cae8-5de8-83e3-a495719d1b9e'::uuid, 'Robert Findlay', 'Niels Verbeek', 1.0, 0, 1, 'B', 'Robert Findlay lost to Niels Verbeek', null, true, 'Historic match imported from embedded Matches spreadsheet extract.'),
  ('3c23afa8-3231-5444-8cc5-ee5ea7014957'::uuid, 'e8c99a70-6f18-5776-a38e-77a2ccb0fbc4'::uuid, '3cea475c-2812-5895-aba4-b08c42d56ce4'::uuid, 12, 'singles', 'complete', '5f1670e9-fb4d-5d92-901f-cd6bed76d2b0'::uuid, '47f68b69-cae8-5de8-83e3-a495719d1b9e'::uuid, 'Martin Horswood', 'Henry Dubiel', 1.0, 1, 0, 'A', 'Martin Horswood beat Henry Dubiel', null, true, 'Historic match imported from embedded Matches spreadsheet extract.'),
  ('41fa1229-f0f1-5383-b4ab-59122000a4b7'::uuid, '095680d9-4107-5a14-8fa1-5f1417c33261'::uuid, '6890ad4f-3950-5e2b-8c53-6dba11393f86'::uuid, 1, 'better_ball', 'complete', '0e0b8106-cab4-5c93-8cd8-22d2fd68ec77'::uuid, '0ce46b34-6473-5adf-907b-a476f74123e1'::uuid, 'Luke Gorman, Josh Conlan', 'Finn Begley, Robert Findlay', 1.0, 0, 1, 'B', 'Luke Gorman, Josh Conlan lost to Finn Begley, Robert Findlay', null, true, 'Historic match imported from embedded Matches spreadsheet extract.'),
  ('7dc6fc87-8055-57a6-9431-cdb1a38d16db'::uuid, '095680d9-4107-5a14-8fa1-5f1417c33261'::uuid, '6890ad4f-3950-5e2b-8c53-6dba11393f86'::uuid, 2, 'better_ball', 'complete', '0e0b8106-cab4-5c93-8cd8-22d2fd68ec77'::uuid, '0ce46b34-6473-5adf-907b-a476f74123e1'::uuid, 'Connor Hamilton, Niels Verbeek', 'Jack Bamford, Nick Wells', 1.0, 0, 1, 'B', 'Connor Hamilton, Niels Verbeek lost to Jack Bamford, Nick Wells', null, true, 'Historic match imported from embedded Matches spreadsheet extract.'),
  ('dd36166e-7609-53a6-b54c-5b769c7b0311'::uuid, '095680d9-4107-5a14-8fa1-5f1417c33261'::uuid, '6890ad4f-3950-5e2b-8c53-6dba11393f86'::uuid, 3, 'better_ball', 'complete', '0e0b8106-cab4-5c93-8cd8-22d2fd68ec77'::uuid, '0ce46b34-6473-5adf-907b-a476f74123e1'::uuid, 'Leif Skogland, Oliver Hunt', 'Dave Birn, Brian Crotty', 1.0, 0, 1, 'B', 'Leif Skogland, Oliver Hunt lost to Dave Birn, Brian Crotty', null, true, 'Historic match imported from embedded Matches spreadsheet extract.'),
  ('ec75fa49-103b-5da0-b0b7-a75bc26b6421'::uuid, '095680d9-4107-5a14-8fa1-5f1417c33261'::uuid, '6890ad4f-3950-5e2b-8c53-6dba11393f86'::uuid, 4, 'better_ball', 'complete', '0e0b8106-cab4-5c93-8cd8-22d2fd68ec77'::uuid, '0ce46b34-6473-5adf-907b-a476f74123e1'::uuid, 'Sam Truman, Will Major', 'Alex Tonge, Adam Musikant', 1.0, 1, 0, 'A', 'Sam Truman, Will Major beat Alex Tonge, Adam Musikant', null, true, 'Historic match imported from embedded Matches spreadsheet extract.'),
  ('e9ee31d3-ceaa-5c1f-87ca-68855904e6f0'::uuid, '095680d9-4107-5a14-8fa1-5f1417c33261'::uuid, 'a1c6b1fe-019c-5cb1-a9bd-a49e4bf79b4d'::uuid, 1, 'better_ball', 'complete', '0e0b8106-cab4-5c93-8cd8-22d2fd68ec77'::uuid, '0ce46b34-6473-5adf-907b-a476f74123e1'::uuid, 'Sam Truman, Josh Conlan', 'Jack Bamford, Robert Findlay', 1.0, 1, 0, 'A', 'Sam Truman, Josh Conlan beat Jack Bamford, Robert Findlay', null, true, 'Historic match imported from embedded Matches spreadsheet extract.'),
  ('68ae26ee-3a27-5cc0-95e3-813ad896e1b9'::uuid, '095680d9-4107-5a14-8fa1-5f1417c33261'::uuid, 'a1c6b1fe-019c-5cb1-a9bd-a49e4bf79b4d'::uuid, 2, 'better_ball', 'complete', '0e0b8106-cab4-5c93-8cd8-22d2fd68ec77'::uuid, '0ce46b34-6473-5adf-907b-a476f74123e1'::uuid, 'Luke Gorman, Oliver Hunt', 'Brian Crotty, Alex Tonge', 1.0, 0, 1, 'B', 'Luke Gorman, Oliver Hunt lost to Brian Crotty, Alex Tonge', null, true, 'Historic match imported from embedded Matches spreadsheet extract.'),
  ('10d042e6-38ff-5de3-9253-a3f52693b154'::uuid, '095680d9-4107-5a14-8fa1-5f1417c33261'::uuid, 'a1c6b1fe-019c-5cb1-a9bd-a49e4bf79b4d'::uuid, 3, 'better_ball', 'complete', '0e0b8106-cab4-5c93-8cd8-22d2fd68ec77'::uuid, '0ce46b34-6473-5adf-907b-a476f74123e1'::uuid, 'Leif Skogland, Niels Verbeek', 'Dave Birn, Adam Musikant', 1.0, 0, 1, 'B', 'Leif Skogland, Niels Verbeek lost to Dave Birn, Adam Musikant', null, true, 'Historic match imported from embedded Matches spreadsheet extract.'),
  ('20106e38-b4b5-55f2-808a-8051194e7b03'::uuid, '095680d9-4107-5a14-8fa1-5f1417c33261'::uuid, 'a1c6b1fe-019c-5cb1-a9bd-a49e4bf79b4d'::uuid, 4, 'better_ball', 'complete', '0e0b8106-cab4-5c93-8cd8-22d2fd68ec77'::uuid, '0ce46b34-6473-5adf-907b-a476f74123e1'::uuid, 'Connor Hamilton, Will Major', 'Nick Wells, Finn Begley', 1.0, 0, 1, 'B', 'Connor Hamilton, Will Major lost to Nick Wells, Finn Begley', null, true, 'Historic match imported from embedded Matches spreadsheet extract.'),
  ('91564eee-25db-5827-b778-89f7cca6e480'::uuid, '095680d9-4107-5a14-8fa1-5f1417c33261'::uuid, '4f14514d-d7ee-5aaf-87cb-1c3c07405136'::uuid, 1, 'better_ball', 'complete', '0e0b8106-cab4-5c93-8cd8-22d2fd68ec77'::uuid, '0ce46b34-6473-5adf-907b-a476f74123e1'::uuid, 'Sam Truman, Oliver Hunt', 'Brian Crotty, Finn Begley', 1.0, 0.5, 0.5, 'halved', 'Sam Truman, Oliver Hunt halved with Brian Crotty, Finn Begley', null, true, 'Historic match imported from embedded Matches spreadsheet extract.'),
  ('94a76807-d001-535f-b352-1f87056ef74b'::uuid, '095680d9-4107-5a14-8fa1-5f1417c33261'::uuid, '4f14514d-d7ee-5aaf-87cb-1c3c07405136'::uuid, 2, 'better_ball', 'complete', '0e0b8106-cab4-5c93-8cd8-22d2fd68ec77'::uuid, '0ce46b34-6473-5adf-907b-a476f74123e1'::uuid, 'Niels Verbeek, Connor Hamilton', 'Dave Birn, Jack Bamford', 1.0, 1, 0, 'A', 'Niels Verbeek, Connor Hamilton beat Dave Birn, Jack Bamford', null, true, 'Historic match imported from embedded Matches spreadsheet extract.'),
  ('396fd1e5-a516-5f40-a355-09eeb1b1c860'::uuid, '095680d9-4107-5a14-8fa1-5f1417c33261'::uuid, '4f14514d-d7ee-5aaf-87cb-1c3c07405136'::uuid, 3, 'better_ball', 'complete', '0e0b8106-cab4-5c93-8cd8-22d2fd68ec77'::uuid, '0ce46b34-6473-5adf-907b-a476f74123e1'::uuid, 'Luke Gorman, Josh Conlan', 'Adam Musikant, Nick Wells', 1.0, 1, 0, 'A', 'Luke Gorman, Josh Conlan beat Adam Musikant, Nick Wells', null, true, 'Historic match imported from embedded Matches spreadsheet extract.'),
  ('03dd6d6f-5a58-5f02-8e56-638685e9aff2'::uuid, '095680d9-4107-5a14-8fa1-5f1417c33261'::uuid, '4f14514d-d7ee-5aaf-87cb-1c3c07405136'::uuid, 4, 'better_ball', 'complete', '0e0b8106-cab4-5c93-8cd8-22d2fd68ec77'::uuid, '0ce46b34-6473-5adf-907b-a476f74123e1'::uuid, 'Leif Skogland, Will Major', 'Alex Tonge, Robert Findlay', 1.0, 0.5, 0.5, 'halved', 'Leif Skogland, Will Major halved with Alex Tonge, Robert Findlay', null, true, 'Historic match imported from embedded Matches spreadsheet extract.'),
  ('8fe41586-adba-55f7-8f6c-6242c2d2bf6f'::uuid, '095680d9-4107-5a14-8fa1-5f1417c33261'::uuid, 'fff114b8-8b55-5901-bf8b-941d36a8a9f0'::uuid, 1, 'singles', 'complete', '0e0b8106-cab4-5c93-8cd8-22d2fd68ec77'::uuid, '0ce46b34-6473-5adf-907b-a476f74123e1'::uuid, 'Niels Verbeek', 'Finn Begley', 1.0, 0, 1, 'B', 'Niels Verbeek lost to Finn Begley', null, true, 'Historic match imported from embedded Matches spreadsheet extract.'),
  ('87c2aae4-8d5c-516e-8ef5-1364b4254a99'::uuid, '095680d9-4107-5a14-8fa1-5f1417c33261'::uuid, 'fff114b8-8b55-5901-bf8b-941d36a8a9f0'::uuid, 2, 'singles', 'complete', '0e0b8106-cab4-5c93-8cd8-22d2fd68ec77'::uuid, '0ce46b34-6473-5adf-907b-a476f74123e1'::uuid, 'Oliver Hunt', 'Robert Findlay', 1.0, 0, 1, 'B', 'Oliver Hunt lost to Robert Findlay', null, true, 'Historic match imported from embedded Matches spreadsheet extract.'),
  ('3498f006-10cc-5876-b3d2-3af475f46df1'::uuid, '095680d9-4107-5a14-8fa1-5f1417c33261'::uuid, 'fff114b8-8b55-5901-bf8b-941d36a8a9f0'::uuid, 3, 'singles', 'complete', '0e0b8106-cab4-5c93-8cd8-22d2fd68ec77'::uuid, '0ce46b34-6473-5adf-907b-a476f74123e1'::uuid, 'Luke Gorman', 'Dave Birn', 1.0, 1, 0, 'A', 'Luke Gorman beat Dave Birn', null, true, 'Historic match imported from embedded Matches spreadsheet extract.'),
  ('392c011e-4b4a-579d-967e-c5e1348e9260'::uuid, '095680d9-4107-5a14-8fa1-5f1417c33261'::uuid, 'fff114b8-8b55-5901-bf8b-941d36a8a9f0'::uuid, 4, 'singles', 'complete', '0e0b8106-cab4-5c93-8cd8-22d2fd68ec77'::uuid, '0ce46b34-6473-5adf-907b-a476f74123e1'::uuid, 'Leif Skogland', 'Jack Bamford', 1.0, 0.5, 0.5, 'halved', 'Leif Skogland halved with Jack Bamford', null, true, 'Historic match imported from embedded Matches spreadsheet extract.'),
  ('bcef7f6b-0856-5331-b514-0185edd370fe'::uuid, '095680d9-4107-5a14-8fa1-5f1417c33261'::uuid, 'fff114b8-8b55-5901-bf8b-941d36a8a9f0'::uuid, 5, 'singles', 'complete', '0e0b8106-cab4-5c93-8cd8-22d2fd68ec77'::uuid, '0ce46b34-6473-5adf-907b-a476f74123e1'::uuid, 'Josh Conlan', 'Adam Musikant', 1.0, 1, 0, 'A', 'Josh Conlan beat Adam Musikant', null, true, 'Historic match imported from embedded Matches spreadsheet extract.'),
  ('943b7289-8877-52ab-bc41-046345776211'::uuid, '095680d9-4107-5a14-8fa1-5f1417c33261'::uuid, 'fff114b8-8b55-5901-bf8b-941d36a8a9f0'::uuid, 6, 'singles', 'complete', '0e0b8106-cab4-5c93-8cd8-22d2fd68ec77'::uuid, '0ce46b34-6473-5adf-907b-a476f74123e1'::uuid, 'Sam Truman', 'Nick Wells', 1.0, 1, 0, 'A', 'Sam Truman beat Nick Wells', null, true, 'Historic match imported from embedded Matches spreadsheet extract.'),
  ('6a092db0-1fa6-55c4-b15d-b897b46b69f5'::uuid, '095680d9-4107-5a14-8fa1-5f1417c33261'::uuid, 'fff114b8-8b55-5901-bf8b-941d36a8a9f0'::uuid, 7, 'singles', 'complete', '0e0b8106-cab4-5c93-8cd8-22d2fd68ec77'::uuid, '0ce46b34-6473-5adf-907b-a476f74123e1'::uuid, 'Will Major', 'Alex Tonge', 1.0, 1, 0, 'A', 'Will Major beat Alex Tonge', null, true, 'Historic match imported from embedded Matches spreadsheet extract.'),
  ('b7236ec2-b2d2-5369-ab0c-41f9121678fc'::uuid, '095680d9-4107-5a14-8fa1-5f1417c33261'::uuid, 'fff114b8-8b55-5901-bf8b-941d36a8a9f0'::uuid, 8, 'singles', 'complete', '0e0b8106-cab4-5c93-8cd8-22d2fd68ec77'::uuid, '0ce46b34-6473-5adf-907b-a476f74123e1'::uuid, 'Connor Hamilton', 'Brian Crotty', 1.0, 1, 0, 'A', 'Connor Hamilton beat Brian Crotty', null, true, 'Historic match imported from embedded Matches spreadsheet extract.'),
  ('83dd48fc-e96a-56f8-8a61-33223b7b247d'::uuid, 'cbe00f46-d6d8-5ad0-ae2c-58b43c745bc2'::uuid, 'dc95973a-8631-5915-bde3-7d197fc1147f'::uuid, 1, 'better_ball', 'complete', 'ecf6ffd3-2ada-5a20-8d8f-1c12a22b23f2'::uuid, '9e6cdbf8-9c09-54cb-829a-dada734bbd4d'::uuid, 'Tom Reed, Adam Musikant', 'Ben Walmsley, Leif Skogland', 1.0, 1, 0, 'A', 'Tom Reed, Adam Musikant beat Ben Walmsley, Leif Skogland', null, true, 'Historic match imported from embedded Matches spreadsheet extract.'),
  ('eb15b184-301e-5c78-aa99-db3685c38143'::uuid, 'cbe00f46-d6d8-5ad0-ae2c-58b43c745bc2'::uuid, 'dc95973a-8631-5915-bde3-7d197fc1147f'::uuid, 2, 'better_ball', 'complete', 'ecf6ffd3-2ada-5a20-8d8f-1c12a22b23f2'::uuid, '9e6cdbf8-9c09-54cb-829a-dada734bbd4d'::uuid, 'Alex Tonge, Robert Findlay', 'Scott Stanley, Dan Birn', 1.0, 1, 0, 'A', 'Alex Tonge, Robert Findlay beat Scott Stanley, Dan Birn', null, true, 'Historic match imported from embedded Matches spreadsheet extract.'),
  ('9cdce202-ded0-50bb-9725-f352f77c6553'::uuid, 'cbe00f46-d6d8-5ad0-ae2c-58b43c745bc2'::uuid, 'dc95973a-8631-5915-bde3-7d197fc1147f'::uuid, 3, 'better_ball', 'complete', 'ecf6ffd3-2ada-5a20-8d8f-1c12a22b23f2'::uuid, '9e6cdbf8-9c09-54cb-829a-dada734bbd4d'::uuid, 'Nick Wells, Luke Gorman', 'Josh Conlan, Dave Birn', 1.0, 0, 1, 'B', 'Nick Wells, Luke Gorman lost to Josh Conlan, Dave Birn', null, true, 'Historic match imported from embedded Matches spreadsheet extract.'),
  ('032a3186-db89-5ded-bf73-8a6a525f6985'::uuid, 'cbe00f46-d6d8-5ad0-ae2c-58b43c745bc2'::uuid, 'dc95973a-8631-5915-bde3-7d197fc1147f'::uuid, 4, 'better_ball', 'complete', 'ecf6ffd3-2ada-5a20-8d8f-1c12a22b23f2'::uuid, '9e6cdbf8-9c09-54cb-829a-dada734bbd4d'::uuid, 'Niels Verbeek, Mike Hamblin', 'Brian Crotty, Jack Bamford', 1.0, 0.5, 0.5, 'halved', 'Niels Verbeek, Mike Hamblin halved with Brian Crotty, Jack Bamford', null, true, 'Historic match imported from embedded Matches spreadsheet extract.'),
  ('9b2f7f02-802e-57e2-a127-dff2fdb58989'::uuid, 'cbe00f46-d6d8-5ad0-ae2c-58b43c745bc2'::uuid, 'dc95973a-8631-5915-bde3-7d197fc1147f'::uuid, 5, 'better_ball', 'complete', 'ecf6ffd3-2ada-5a20-8d8f-1c12a22b23f2'::uuid, '9e6cdbf8-9c09-54cb-829a-dada734bbd4d'::uuid, 'Simon Butler, Sam Truman', 'Connor Hamilton, Oliver Hunt', 1.0, 1, 0, 'A', 'Simon Butler, Sam Truman beat Connor Hamilton, Oliver Hunt', null, true, 'Historic match imported from embedded Matches spreadsheet extract.'),
  ('469353a0-48cc-5da9-b960-121c15038b14'::uuid, 'cbe00f46-d6d8-5ad0-ae2c-58b43c745bc2'::uuid, 'b82eee2d-6629-5d38-9199-9dfc74449e4b'::uuid, 1, 'better_ball', 'complete', 'ecf6ffd3-2ada-5a20-8d8f-1c12a22b23f2'::uuid, '9e6cdbf8-9c09-54cb-829a-dada734bbd4d'::uuid, 'Luke Gorman, Niels Verbeek', 'Josh Conlan, Jack Bamford', 1.0, 1, 0, 'A', 'Luke Gorman, Niels Verbeek beat Josh Conlan, Jack Bamford', null, true, 'Historic match imported from embedded Matches spreadsheet extract.'),
  ('63291ecc-6d6b-5bdb-9cd1-a4308fe4b0c5'::uuid, 'cbe00f46-d6d8-5ad0-ae2c-58b43c745bc2'::uuid, 'b82eee2d-6629-5d38-9199-9dfc74449e4b'::uuid, 2, 'better_ball', 'complete', 'ecf6ffd3-2ada-5a20-8d8f-1c12a22b23f2'::uuid, '9e6cdbf8-9c09-54cb-829a-dada734bbd4d'::uuid, 'Tom Reed, Simon Butler', 'Scott Stanley, Ben Walmsley', 1.0, 0, 1, 'B', 'Tom Reed, Simon Butler lost to Scott Stanley, Ben Walmsley', null, true, 'Historic match imported from embedded Matches spreadsheet extract.'),
  ('9e0467df-a2d2-5b03-bec8-b470babbabe9'::uuid, 'cbe00f46-d6d8-5ad0-ae2c-58b43c745bc2'::uuid, 'b82eee2d-6629-5d38-9199-9dfc74449e4b'::uuid, 3, 'better_ball', 'complete', 'ecf6ffd3-2ada-5a20-8d8f-1c12a22b23f2'::uuid, '9e6cdbf8-9c09-54cb-829a-dada734bbd4d'::uuid, 'Sam Truman, Adam Musikant', 'Dave Birn, Dan Birn', 1.0, 1, 0, 'A', 'Sam Truman, Adam Musikant beat Dave Birn, Dan Birn', null, true, 'Historic match imported from embedded Matches spreadsheet extract.'),
  ('7848da43-2bad-597d-b3c4-dbe14114df0b'::uuid, 'cbe00f46-d6d8-5ad0-ae2c-58b43c745bc2'::uuid, 'b82eee2d-6629-5d38-9199-9dfc74449e4b'::uuid, 4, 'better_ball', 'complete', 'ecf6ffd3-2ada-5a20-8d8f-1c12a22b23f2'::uuid, '9e6cdbf8-9c09-54cb-829a-dada734bbd4d'::uuid, 'Mike Hamblin, Robert Findlay', 'Connor Hamilton, Brian Crotty', 1.0, 0, 1, 'B', 'Mike Hamblin, Robert Findlay lost to Connor Hamilton, Brian Crotty', null, true, 'Historic match imported from embedded Matches spreadsheet extract.'),
  ('9814cf8a-d278-5769-9137-4ca91cc8aac0'::uuid, 'cbe00f46-d6d8-5ad0-ae2c-58b43c745bc2'::uuid, 'b82eee2d-6629-5d38-9199-9dfc74449e4b'::uuid, 5, 'better_ball', 'complete', 'ecf6ffd3-2ada-5a20-8d8f-1c12a22b23f2'::uuid, '9e6cdbf8-9c09-54cb-829a-dada734bbd4d'::uuid, 'Alex Tonge, Nick Wells', 'Oliver Hunt, Leif Skogland', 1.0, 1, 0, 'A', 'Alex Tonge, Nick Wells beat Oliver Hunt, Leif Skogland', null, true, 'Historic match imported from embedded Matches spreadsheet extract.'),
  ('c6973df3-4144-568e-b239-eeec30aa4af5'::uuid, 'cbe00f46-d6d8-5ad0-ae2c-58b43c745bc2'::uuid, '499ee24b-22fd-577d-a853-e729de694a88'::uuid, 1, 'singles', 'complete', 'ecf6ffd3-2ada-5a20-8d8f-1c12a22b23f2'::uuid, '9e6cdbf8-9c09-54cb-829a-dada734bbd4d'::uuid, 'Nick Wells', 'Dave Birn', 1.0, 0, 1, 'B', 'Nick Wells lost to Dave Birn', null, true, 'Historic match imported from embedded Matches spreadsheet extract.'),
  ('932c5160-51ff-53af-a41b-82a5c9845132'::uuid, 'cbe00f46-d6d8-5ad0-ae2c-58b43c745bc2'::uuid, '499ee24b-22fd-577d-a853-e729de694a88'::uuid, 2, 'singles', 'complete', 'ecf6ffd3-2ada-5a20-8d8f-1c12a22b23f2'::uuid, '9e6cdbf8-9c09-54cb-829a-dada734bbd4d'::uuid, 'Luke Gorman', 'Brian Crotty', 1.0, 1, 0, 'A', 'Luke Gorman beat Brian Crotty', null, true, 'Historic match imported from embedded Matches spreadsheet extract.'),
  ('7434ed25-7d18-56fc-aae1-bdbfc0422ace'::uuid, 'cbe00f46-d6d8-5ad0-ae2c-58b43c745bc2'::uuid, '499ee24b-22fd-577d-a853-e729de694a88'::uuid, 3, 'singles', 'complete', 'ecf6ffd3-2ada-5a20-8d8f-1c12a22b23f2'::uuid, '9e6cdbf8-9c09-54cb-829a-dada734bbd4d'::uuid, 'Robert Findlay', 'Leif Skogland', 1.0, 0, 1, 'B', 'Robert Findlay lost to Leif Skogland', null, true, 'Historic match imported from embedded Matches spreadsheet extract.'),
  ('231147d5-6f54-5f6f-b793-0dc691103411'::uuid, '095680d9-4107-5a14-8fa1-5f1417c33261'::uuid, 'd1528101-56da-5dfb-8b6d-89c540901c8b'::uuid, 1, 'singles', 'complete', '0e0b8106-cab4-5c93-8cd8-22d2fd68ec77'::uuid, '0ce46b34-6473-5adf-907b-a476f74123e1'::uuid, 'Adam Musikant', 'Josh Conlan', 1.0, 1, 0, 'A', 'Adam Musikant beat Josh Conlan', null, true, 'Historic match imported from embedded Matches spreadsheet extract.'),
  ('aa2b39b0-2d16-5a9b-83ef-9723c063dc5f'::uuid, 'cbe00f46-d6d8-5ad0-ae2c-58b43c745bc2'::uuid, '499ee24b-22fd-577d-a853-e729de694a88'::uuid, 4, 'singles', 'complete', 'ecf6ffd3-2ada-5a20-8d8f-1c12a22b23f2'::uuid, '9e6cdbf8-9c09-54cb-829a-dada734bbd4d'::uuid, 'Alex Tonge', 'Jack Bamford', 1.0, 1, 0, 'A', 'Alex Tonge beat Jack Bamford', null, true, 'Historic match imported from embedded Matches spreadsheet extract.'),
  ('4c478546-6e99-501a-bbd3-49fc3fc5bf86'::uuid, 'cbe00f46-d6d8-5ad0-ae2c-58b43c745bc2'::uuid, '499ee24b-22fd-577d-a853-e729de694a88'::uuid, 5, 'singles', 'complete', 'ecf6ffd3-2ada-5a20-8d8f-1c12a22b23f2'::uuid, '9e6cdbf8-9c09-54cb-829a-dada734bbd4d'::uuid, 'Tom Reed', 'Ben Walmsley', 1.0, 1, 0, 'A', 'Tom Reed beat Ben Walmsley', null, true, 'Historic match imported from embedded Matches spreadsheet extract.'),
  ('1bc59257-2212-5519-85bc-62b49150eec9'::uuid, 'cbe00f46-d6d8-5ad0-ae2c-58b43c745bc2'::uuid, '499ee24b-22fd-577d-a853-e729de694a88'::uuid, 6, 'singles', 'complete', 'ecf6ffd3-2ada-5a20-8d8f-1c12a22b23f2'::uuid, '9e6cdbf8-9c09-54cb-829a-dada734bbd4d'::uuid, 'Sam Truman', 'Connor Hamilton', 1.0, 0, 1, 'B', 'Sam Truman lost to Connor Hamilton', null, true, 'Historic match imported from embedded Matches spreadsheet extract.'),
  ('60abb025-b44b-5280-b4da-9cf7c23d8403'::uuid, 'cbe00f46-d6d8-5ad0-ae2c-58b43c745bc2'::uuid, '499ee24b-22fd-577d-a853-e729de694a88'::uuid, 7, 'singles', 'complete', 'ecf6ffd3-2ada-5a20-8d8f-1c12a22b23f2'::uuid, '9e6cdbf8-9c09-54cb-829a-dada734bbd4d'::uuid, 'Niels Verbeek', 'Dan Birn', 1.0, 1, 0, 'A', 'Niels Verbeek beat Dan Birn', null, true, 'Historic match imported from embedded Matches spreadsheet extract.'),
  ('11ff7849-d6b3-57de-959d-aa8b46c08eb3'::uuid, 'cbe00f46-d6d8-5ad0-ae2c-58b43c745bc2'::uuid, '499ee24b-22fd-577d-a853-e729de694a88'::uuid, 8, 'singles', 'complete', 'ecf6ffd3-2ada-5a20-8d8f-1c12a22b23f2'::uuid, '9e6cdbf8-9c09-54cb-829a-dada734bbd4d'::uuid, 'Mike Hamblin', 'Oliver Hunt', 1.0, 1, 0, 'A', 'Mike Hamblin beat Oliver Hunt', null, true, 'Historic match imported from embedded Matches spreadsheet extract.'),
  ('01d5911b-4f7c-5011-b011-884eb6a22edf'::uuid, 'cbe00f46-d6d8-5ad0-ae2c-58b43c745bc2'::uuid, '499ee24b-22fd-577d-a853-e729de694a88'::uuid, 9, 'singles', 'complete', 'ecf6ffd3-2ada-5a20-8d8f-1c12a22b23f2'::uuid, '9e6cdbf8-9c09-54cb-829a-dada734bbd4d'::uuid, 'Simon Butler', 'Scott Stanley', 1.0, 0, 1, 'B', 'Simon Butler lost to Scott Stanley', null, true, 'Historic match imported from embedded Matches spreadsheet extract.'),
  ('45fa6876-6e12-5745-98f2-008a05a8ed5e'::uuid, 'abcbff74-a235-51fe-88e3-2a0f20297439'::uuid, '9a0310ee-08e0-547e-8535-78291a255cb4'::uuid, 1, 'better_ball', 'complete', '69a2178c-d31c-5ec6-bf0c-d240f2d48321'::uuid, 'eb7c869b-e61c-5010-b40d-99ad0b685b72'::uuid, 'Robert Findlay, Mike Hamblin', 'Josh Conlan, Sam Truman', 1.0, 0, 1, 'B', 'Robert Findlay, Mike Hamblin lost to Josh Conlan, Sam Truman', null, true, 'Historic match imported from embedded Matches spreadsheet extract.'),
  ('3988c692-6c56-5219-bad7-a9dba7569c39'::uuid, 'abcbff74-a235-51fe-88e3-2a0f20297439'::uuid, '9a0310ee-08e0-547e-8535-78291a255cb4'::uuid, 2, 'better_ball', 'complete', '69a2178c-d31c-5ec6-bf0c-d240f2d48321'::uuid, 'eb7c869b-e61c-5010-b40d-99ad0b685b72'::uuid, 'Niels Verbeek, Nick Wells', 'Dave Birn, Adam Musikant', 1.0, 0, 1, 'B', 'Niels Verbeek, Nick Wells lost to Dave Birn, Adam Musikant', null, true, 'Historic match imported from embedded Matches spreadsheet extract.'),
  ('64789e67-e6f6-5ec7-8e2b-bfa996e06253'::uuid, 'abcbff74-a235-51fe-88e3-2a0f20297439'::uuid, '9a0310ee-08e0-547e-8535-78291a255cb4'::uuid, 3, 'better_ball', 'complete', '69a2178c-d31c-5ec6-bf0c-d240f2d48321'::uuid, 'eb7c869b-e61c-5010-b40d-99ad0b685b72'::uuid, 'Oliver Hunt, Luke Gorman', 'Simon Butler, Tom Reed', 1.0, 0, 1, 'B', 'Oliver Hunt, Luke Gorman lost to Simon Butler, Tom Reed', null, true, 'Historic match imported from embedded Matches spreadsheet extract.'),
  ('2f2e91b4-64dd-5bcf-8c8e-71c376489e75'::uuid, 'abcbff74-a235-51fe-88e3-2a0f20297439'::uuid, '9a0310ee-08e0-547e-8535-78291a255cb4'::uuid, 4, 'better_ball', 'complete', '69a2178c-d31c-5ec6-bf0c-d240f2d48321'::uuid, 'eb7c869b-e61c-5010-b40d-99ad0b685b72'::uuid, 'Ben Walmsley, Connor Hamilton', 'Stuart Loggie, Shaun Feldon', 1.0, 1, 0, 'A', 'Ben Walmsley, Connor Hamilton beat Stuart Loggie, Shaun Feldon', null, true, 'Historic match imported from embedded Matches spreadsheet extract.'),
  ('1e34edf5-02a4-5388-86c2-c9e0b977013c'::uuid, 'abcbff74-a235-51fe-88e3-2a0f20297439'::uuid, '9a0310ee-08e0-547e-8535-78291a255cb4'::uuid, 5, 'better_ball', 'complete', '69a2178c-d31c-5ec6-bf0c-d240f2d48321'::uuid, 'eb7c869b-e61c-5010-b40d-99ad0b685b72'::uuid, 'Scott Stanley, Peter Garczewski', 'Alex Tonge, Will Major', 1.0, 0, 1, 'B', 'Scott Stanley, Peter Garczewski lost to Alex Tonge, Will Major', null, true, 'Historic match imported from embedded Matches spreadsheet extract.'),
  ('893c5704-5380-53ae-9b0e-4b842c6c573a'::uuid, 'abcbff74-a235-51fe-88e3-2a0f20297439'::uuid, 'c0b150f4-aff9-5b3a-9b7a-5dba1dc8708e'::uuid, 1, 'singles', 'complete', '69a2178c-d31c-5ec6-bf0c-d240f2d48321'::uuid, 'eb7c869b-e61c-5010-b40d-99ad0b685b72'::uuid, 'Connor Hamilton', 'Alex Tonge', 1.0, 0, 1, 'B', 'Connor Hamilton lost to Alex Tonge', null, true, 'Historic match imported from embedded Matches spreadsheet extract.'),
  ('8818ea1b-b5a4-5420-914f-7bfa9643d778'::uuid, 'abcbff74-a235-51fe-88e3-2a0f20297439'::uuid, 'c0b150f4-aff9-5b3a-9b7a-5dba1dc8708e'::uuid, 2, 'singles', 'complete', '69a2178c-d31c-5ec6-bf0c-d240f2d48321'::uuid, 'eb7c869b-e61c-5010-b40d-99ad0b685b72'::uuid, 'Peter Garczewski', 'Sam Truman', 1.0, 1, 0, 'A', 'Peter Garczewski beat Sam Truman', null, true, 'Historic match imported from embedded Matches spreadsheet extract.'),
  ('b4201b75-b3e8-5ea3-afa3-feb1943a43ef'::uuid, 'abcbff74-a235-51fe-88e3-2a0f20297439'::uuid, 'c0b150f4-aff9-5b3a-9b7a-5dba1dc8708e'::uuid, 3, 'singles', 'complete', '69a2178c-d31c-5ec6-bf0c-d240f2d48321'::uuid, 'eb7c869b-e61c-5010-b40d-99ad0b685b72'::uuid, 'Ben Walmsley', 'Shaun Feldon', 1.0, 0, 1, 'B', 'Ben Walmsley lost to Shaun Feldon', null, true, 'Historic match imported from embedded Matches spreadsheet extract.'),
  ('93526248-3224-5d90-8673-7800dcd78f8f'::uuid, 'abcbff74-a235-51fe-88e3-2a0f20297439'::uuid, 'c0b150f4-aff9-5b3a-9b7a-5dba1dc8708e'::uuid, 4, 'singles', 'complete', '69a2178c-d31c-5ec6-bf0c-d240f2d48321'::uuid, 'eb7c869b-e61c-5010-b40d-99ad0b685b72'::uuid, 'Oliver Hunt', 'Adam Musikant', 1.0, 0, 1, 'B', 'Oliver Hunt lost to Adam Musikant', null, true, 'Historic match imported from embedded Matches spreadsheet extract.'),
  ('a99dfe68-4af0-506f-ae4e-c86cd2ea759a'::uuid, 'abcbff74-a235-51fe-88e3-2a0f20297439'::uuid, 'c0b150f4-aff9-5b3a-9b7a-5dba1dc8708e'::uuid, 5, 'singles', 'complete', '69a2178c-d31c-5ec6-bf0c-d240f2d48321'::uuid, 'eb7c869b-e61c-5010-b40d-99ad0b685b72'::uuid, 'Mike Hamblin', 'Josh Conlan', 1.0, 1, 0, 'A', 'Mike Hamblin beat Josh Conlan', null, true, 'Historic match imported from embedded Matches spreadsheet extract.'),
  ('7f74afc5-4625-57f7-90d9-70615c3b5765'::uuid, 'abcbff74-a235-51fe-88e3-2a0f20297439'::uuid, 'c0b150f4-aff9-5b3a-9b7a-5dba1dc8708e'::uuid, 6, 'singles', 'complete', '69a2178c-d31c-5ec6-bf0c-d240f2d48321'::uuid, 'eb7c869b-e61c-5010-b40d-99ad0b685b72'::uuid, 'Niels Verbeek', 'Simon Butler', 1.0, 0.5, 0.5, 'halved', 'Niels Verbeek halved with Simon Butler', null, true, 'Historic match imported from embedded Matches spreadsheet extract.'),
  ('81b1abdd-9cfa-55e7-ba2c-15ff9579c5f7'::uuid, 'abcbff74-a235-51fe-88e3-2a0f20297439'::uuid, 'c0b150f4-aff9-5b3a-9b7a-5dba1dc8708e'::uuid, 7, 'singles', 'complete', '69a2178c-d31c-5ec6-bf0c-d240f2d48321'::uuid, 'eb7c869b-e61c-5010-b40d-99ad0b685b72'::uuid, 'Luke Gorman', 'Dave Birn', 1.0, 0, 1, 'B', 'Luke Gorman lost to Dave Birn', null, true, 'Historic match imported from embedded Matches spreadsheet extract.'),
  ('d373314d-2ee5-5f69-9550-979e11d2a9ad'::uuid, 'abcbff74-a235-51fe-88e3-2a0f20297439'::uuid, 'c0b150f4-aff9-5b3a-9b7a-5dba1dc8708e'::uuid, 8, 'singles', 'complete', '69a2178c-d31c-5ec6-bf0c-d240f2d48321'::uuid, 'eb7c869b-e61c-5010-b40d-99ad0b685b72'::uuid, 'Nick Wells', 'Stuart Loggie', 1.0, 1, 0, 'A', 'Nick Wells beat Stuart Loggie', null, true, 'Historic match imported from embedded Matches spreadsheet extract.'),
  ('243d393b-d1d0-51b3-ad37-5e0c43792230'::uuid, 'abcbff74-a235-51fe-88e3-2a0f20297439'::uuid, 'c0b150f4-aff9-5b3a-9b7a-5dba1dc8708e'::uuid, 9, 'singles', 'complete', '69a2178c-d31c-5ec6-bf0c-d240f2d48321'::uuid, 'eb7c869b-e61c-5010-b40d-99ad0b685b72'::uuid, 'Scott Stanley', 'Tom Reed', 1.0, 0.5, 0.5, 'halved', 'Scott Stanley halved with Tom Reed', null, true, 'Historic match imported from embedded Matches spreadsheet extract.'),
  ('00245a2a-d703-5d13-963c-8b5d1698c63d'::uuid, 'abcbff74-a235-51fe-88e3-2a0f20297439'::uuid, 'c0b150f4-aff9-5b3a-9b7a-5dba1dc8708e'::uuid, 10, 'singles', 'complete', '69a2178c-d31c-5ec6-bf0c-d240f2d48321'::uuid, 'eb7c869b-e61c-5010-b40d-99ad0b685b72'::uuid, 'Robert Findlay', 'Will Major', 1.0, 0, 1, 'B', 'Robert Findlay lost to Will Major', null, true, 'Historic match imported from embedded Matches spreadsheet extract.'),
  ('26425d1d-fcf8-52aa-a515-f2b0329d9358'::uuid, 'abcbff74-a235-51fe-88e3-2a0f20297439'::uuid, 'd6757980-7a0f-530a-a11d-5ba97c21192c'::uuid, 1, 'better_ball', 'complete', '69a2178c-d31c-5ec6-bf0c-d240f2d48321'::uuid, 'eb7c869b-e61c-5010-b40d-99ad0b685b72'::uuid, 'Scott Stanley, Ben Walmsley', 'Alex Tonge, Adam Musikant', 1.0, 0, 1, 'B', 'Scott Stanley, Ben Walmsley lost to Alex Tonge, Adam Musikant', null, true, 'Historic match imported from embedded Matches spreadsheet extract.'),
  ('8eb92b3b-7d70-5b9f-a92a-61101445e2bf'::uuid, 'abcbff74-a235-51fe-88e3-2a0f20297439'::uuid, 'd6757980-7a0f-530a-a11d-5ba97c21192c'::uuid, 2, 'better_ball', 'complete', '69a2178c-d31c-5ec6-bf0c-d240f2d48321'::uuid, 'eb7c869b-e61c-5010-b40d-99ad0b685b72'::uuid, 'Mike Hamblin, Peter Garczewski', 'Dave Birn, Stuart Loggie', 1.0, 1, 0, 'A', 'Mike Hamblin, Peter Garczewski beat Dave Birn, Stuart Loggie', null, true, 'Historic match imported from embedded Matches spreadsheet extract.'),
  ('f2753ba4-5ec9-52c9-8857-15bc0363dc3f'::uuid, 'abcbff74-a235-51fe-88e3-2a0f20297439'::uuid, 'd6757980-7a0f-530a-a11d-5ba97c21192c'::uuid, 3, 'better_ball', 'complete', '69a2178c-d31c-5ec6-bf0c-d240f2d48321'::uuid, 'eb7c869b-e61c-5010-b40d-99ad0b685b72'::uuid, 'Niels Verbeek, Luke Gorman', 'Will Major, Sam Truman', 1.0, 0, 1, 'B', 'Niels Verbeek, Luke Gorman lost to Will Major, Sam Truman', null, true, 'Historic match imported from embedded Matches spreadsheet extract.'),
  ('8e5e939d-0cb8-563c-ad70-b88714ff0ee4'::uuid, 'abcbff74-a235-51fe-88e3-2a0f20297439'::uuid, 'd6757980-7a0f-530a-a11d-5ba97c21192c'::uuid, 4, 'better_ball', 'complete', '69a2178c-d31c-5ec6-bf0c-d240f2d48321'::uuid, 'eb7c869b-e61c-5010-b40d-99ad0b685b72'::uuid, 'Robert Findlay, Nick Wells', 'Simon Butler, Shaun Feldon', 1.0, 1, 0, 'A', 'Robert Findlay, Nick Wells beat Simon Butler, Shaun Feldon', null, true, 'Historic match imported from embedded Matches spreadsheet extract.'),
  ('700e469d-24c4-5c49-8c3a-58290fe42fdd'::uuid, 'abcbff74-a235-51fe-88e3-2a0f20297439'::uuid, 'd6757980-7a0f-530a-a11d-5ba97c21192c'::uuid, 5, 'better_ball', 'complete', '69a2178c-d31c-5ec6-bf0c-d240f2d48321'::uuid, 'eb7c869b-e61c-5010-b40d-99ad0b685b72'::uuid, 'Connor Hamilton, Oliver Hunt', 'Josh Conlan, Tom Reed', 1.0, 1, 0, 'A', 'Connor Hamilton, Oliver Hunt beat Josh Conlan, Tom Reed', null, true, 'Historic match imported from embedded Matches spreadsheet extract.'),
  ('ccc16516-1608-5255-acde-e5619cfedfb3'::uuid, '75eef879-253b-57f7-a977-35918e3c356e'::uuid, '5cc48554-65f3-5edd-a6ab-d45d53757810'::uuid, 1, 'better_ball', 'planned', 'de5f12c2-f246-5a0c-a683-ea3b7e3ef3b4'::uuid, '843238aa-79ab-5e0c-9184-0f7e5f5c276f'::uuid, 'Team 1 TBC', 'Team 2 TBC', 1.0, null, null, null, 'Match 1 TBC', null, false, 'Starter placeholder match for seeded 2026 betting market; players, tee time and format TBC.')
on conflict (id) do update set
  format = excluded.format,
  status = excluded.status,
  side_a_team_id = excluded.side_a_team_id,
  side_b_team_id = excluded.side_b_team_id,
  side_a_label = excluded.side_a_label,
  side_b_label = excluded.side_b_label,
  points_available = excluded.points_available,
  points_side_a = excluded.points_side_a,
  points_side_b = excluded.points_side_b,
  winning_side = excluded.winning_side,
  result_text = excluded.result_text,
  tee_time = excluded.tee_time,
  published = excluded.published,
  notes = excluded.notes,
  updated_at = excluded.updated_at;

insert into match_participants (id, match_id, player_id, side, team_id) values
  ('7efc3a52-0f41-59ac-879b-ae9ae96632d7'::uuid, '064063cb-fdd7-558c-9f3a-2dc8647698c1'::uuid, '220da543-58e1-5ffe-9fba-b78abc5bf951'::uuid, 'A', '5f1670e9-fb4d-5d92-901f-cd6bed76d2b0'::uuid),
  ('324362e4-3e9e-5e13-a09c-bee41ec16127'::uuid, '064063cb-fdd7-558c-9f3a-2dc8647698c1'::uuid, '4c13c601-1986-5b72-8c75-1a442a2d8bf8'::uuid, 'A', '5f1670e9-fb4d-5d92-901f-cd6bed76d2b0'::uuid),
  ('be46db9b-7aaa-51db-b00b-eb952ea0aee8'::uuid, '064063cb-fdd7-558c-9f3a-2dc8647698c1'::uuid, '45ce590d-fe6c-5971-abcb-c09090cba52b'::uuid, 'B', '47f68b69-cae8-5de8-83e3-a495719d1b9e'::uuid),
  ('76fa73bf-eb31-5eb7-bc8e-42935cc5985d'::uuid, '064063cb-fdd7-558c-9f3a-2dc8647698c1'::uuid, '171b2136-e851-51a3-b6ac-2f33895f6cb7'::uuid, 'B', '47f68b69-cae8-5de8-83e3-a495719d1b9e'::uuid),
  ('ec746f5d-d8b2-5676-b8a4-d2b1a31d6d9d'::uuid, 'f750c2e4-852c-59a6-bad4-be27496c437d'::uuid, 'feedad5f-6aaa-5d87-adae-82dba0cc924a'::uuid, 'A', '5f1670e9-fb4d-5d92-901f-cd6bed76d2b0'::uuid),
  ('b77f739b-a9a8-5255-b2a2-b9151c7fd7bb'::uuid, 'f750c2e4-852c-59a6-bad4-be27496c437d'::uuid, 'add47b5e-6f6a-5c49-b2d3-15dd8cfd84e1'::uuid, 'A', '5f1670e9-fb4d-5d92-901f-cd6bed76d2b0'::uuid),
  ('9dc8ef8a-25ee-5c96-82cb-73c000da5d93'::uuid, 'f750c2e4-852c-59a6-bad4-be27496c437d'::uuid, 'e471b9c7-e709-54da-8fb3-0116001a981a'::uuid, 'B', '47f68b69-cae8-5de8-83e3-a495719d1b9e'::uuid),
  ('e850896b-61dd-5417-8704-1d1f1d437815'::uuid, 'f750c2e4-852c-59a6-bad4-be27496c437d'::uuid, 'afeb444c-9d3e-5129-8406-b6e43a17a88d'::uuid, 'B', '47f68b69-cae8-5de8-83e3-a495719d1b9e'::uuid),
  ('388cbab5-a2a5-55dd-a1a3-9c7ceda11d29'::uuid, 'c523e1fd-ef49-562e-941a-fefacdff0d95'::uuid, '852d919c-b3b1-5efc-b205-934771ca4599'::uuid, 'A', '5f1670e9-fb4d-5d92-901f-cd6bed76d2b0'::uuid),
  ('24db8b26-a8f3-50c6-8a7e-e65d7d765f3d'::uuid, 'c523e1fd-ef49-562e-941a-fefacdff0d95'::uuid, '5b2a4c4e-264a-5bf9-a2b3-2b2ed797d456'::uuid, 'A', '5f1670e9-fb4d-5d92-901f-cd6bed76d2b0'::uuid),
  ('e90c7bcb-ca95-5dc6-8e6e-200b5e907965'::uuid, 'c523e1fd-ef49-562e-941a-fefacdff0d95'::uuid, 'a31bb001-bddb-5c5a-b74d-16dc5cfa49a3'::uuid, 'B', '47f68b69-cae8-5de8-83e3-a495719d1b9e'::uuid),
  ('c5a6bcc7-a0aa-5f4c-b42e-794ab86d1044'::uuid, 'c523e1fd-ef49-562e-941a-fefacdff0d95'::uuid, '519aa4d2-3603-5dfb-8004-12236d3922a6'::uuid, 'B', '47f68b69-cae8-5de8-83e3-a495719d1b9e'::uuid),
  ('e07f9021-9c43-5075-8a4a-19b4a8a571e7'::uuid, 'cf85bf76-75ed-5cae-9f95-1b0a2eb0f2b0'::uuid, 'f0c7cbfc-2250-5e4b-93de-a6c061855dbf'::uuid, 'A', '5f1670e9-fb4d-5d92-901f-cd6bed76d2b0'::uuid),
  ('c9fee801-9f37-5555-bdfc-534ed224c45f'::uuid, 'cf85bf76-75ed-5cae-9f95-1b0a2eb0f2b0'::uuid, '1e0ee36f-2ae5-5a30-844c-cf159e753bb4'::uuid, 'A', '5f1670e9-fb4d-5d92-901f-cd6bed76d2b0'::uuid),
  ('df38d4f7-3994-5d50-8b65-01ba25fe7c7a'::uuid, 'cf85bf76-75ed-5cae-9f95-1b0a2eb0f2b0'::uuid, 'e37c689d-b31a-54a2-b766-67458f11e693'::uuid, 'B', '47f68b69-cae8-5de8-83e3-a495719d1b9e'::uuid),
  ('97b6b2a2-845c-5965-9a33-336be7a2bc33'::uuid, 'cf85bf76-75ed-5cae-9f95-1b0a2eb0f2b0'::uuid, '0e01fd89-b73b-503f-95f5-cd92766be706'::uuid, 'B', '47f68b69-cae8-5de8-83e3-a495719d1b9e'::uuid),
  ('7025cbed-61f2-5fe4-bae7-ee5d1d167e70'::uuid, 'a21d2ca0-93e7-5224-9637-31b39a0f2b99'::uuid, '5fae53ee-8420-5573-832e-aa19fcdfb10d'::uuid, 'A', '5f1670e9-fb4d-5d92-901f-cd6bed76d2b0'::uuid),
  ('f8f18237-2a90-577a-bf03-fdcdc281bf5d'::uuid, 'a21d2ca0-93e7-5224-9637-31b39a0f2b99'::uuid, 'b87dbf3e-cafa-5116-8ce6-975fe440be82'::uuid, 'A', '5f1670e9-fb4d-5d92-901f-cd6bed76d2b0'::uuid),
  ('7f712d3d-fd9b-52d9-832c-e09872fc50f8'::uuid, 'a21d2ca0-93e7-5224-9637-31b39a0f2b99'::uuid, '5571b0f4-1db8-5bb6-b32d-cbf24743cb8e'::uuid, 'B', '47f68b69-cae8-5de8-83e3-a495719d1b9e'::uuid),
  ('9bed472b-a659-5e27-9454-cf597068fdbc'::uuid, 'a21d2ca0-93e7-5224-9637-31b39a0f2b99'::uuid, '27bb7ccc-03ec-5db6-8e64-22237511355a'::uuid, 'B', '47f68b69-cae8-5de8-83e3-a495719d1b9e'::uuid),
  ('e8781498-5c04-59de-a8d2-e13da6fb5b8d'::uuid, '4ed22919-ab82-5c1f-be4b-eb9c6282e020'::uuid, 'c599cc70-a11c-541f-ad67-47267f7e01f8'::uuid, 'A', '5f1670e9-fb4d-5d92-901f-cd6bed76d2b0'::uuid),
  ('3d37b8e2-c678-5c8c-8bad-c697884104b5'::uuid, '4ed22919-ab82-5c1f-be4b-eb9c6282e020'::uuid, '4ea2e495-4bab-51b6-9421-940ca7991690'::uuid, 'A', '5f1670e9-fb4d-5d92-901f-cd6bed76d2b0'::uuid),
  ('ace1cdb5-29a4-56f0-b33f-0caeec4a06e6'::uuid, '4ed22919-ab82-5c1f-be4b-eb9c6282e020'::uuid, '7a87a628-32c5-51f2-b10c-3cd4926d378f'::uuid, 'B', '47f68b69-cae8-5de8-83e3-a495719d1b9e'::uuid),
  ('e477087f-2d19-5626-bba0-43e8a9cb587e'::uuid, '4ed22919-ab82-5c1f-be4b-eb9c6282e020'::uuid, 'af81165f-abf2-5fa1-a204-97456cea6331'::uuid, 'B', '47f68b69-cae8-5de8-83e3-a495719d1b9e'::uuid),
  ('dbf49666-e36e-5f03-9c01-feddafd56b9c'::uuid, 'b32813a4-8beb-538a-86b9-e4f7386933ad'::uuid, 'feedad5f-6aaa-5d87-adae-82dba0cc924a'::uuid, 'A', '5f1670e9-fb4d-5d92-901f-cd6bed76d2b0'::uuid),
  ('b5deb8ca-ae7a-5564-9caa-da6235f18f15'::uuid, 'b32813a4-8beb-538a-86b9-e4f7386933ad'::uuid, 'add47b5e-6f6a-5c49-b2d3-15dd8cfd84e1'::uuid, 'A', '5f1670e9-fb4d-5d92-901f-cd6bed76d2b0'::uuid),
  ('56c36517-58f2-5f87-8609-b43ef5694ea5'::uuid, 'b32813a4-8beb-538a-86b9-e4f7386933ad'::uuid, 'e471b9c7-e709-54da-8fb3-0116001a981a'::uuid, 'B', '47f68b69-cae8-5de8-83e3-a495719d1b9e'::uuid),
  ('bdc6b7a6-f263-5123-b252-a109d13d8327'::uuid, 'b32813a4-8beb-538a-86b9-e4f7386933ad'::uuid, '7a87a628-32c5-51f2-b10c-3cd4926d378f'::uuid, 'B', '47f68b69-cae8-5de8-83e3-a495719d1b9e'::uuid),
  ('d49b2add-dea2-5019-a46e-98eb80d658f6'::uuid, '49922c47-95b3-5153-88b1-20dc8dbb4e6e'::uuid, '4ea2e495-4bab-51b6-9421-940ca7991690'::uuid, 'A', '5f1670e9-fb4d-5d92-901f-cd6bed76d2b0'::uuid),
  ('ee425ecb-d4ca-5b3e-ab69-9028efa293ac'::uuid, '49922c47-95b3-5153-88b1-20dc8dbb4e6e'::uuid, '852d919c-b3b1-5efc-b205-934771ca4599'::uuid, 'A', '5f1670e9-fb4d-5d92-901f-cd6bed76d2b0'::uuid),
  ('72ac8479-51eb-57c5-9eab-32cb4f45f068'::uuid, '49922c47-95b3-5153-88b1-20dc8dbb4e6e'::uuid, '45ce590d-fe6c-5971-abcb-c09090cba52b'::uuid, 'B', '47f68b69-cae8-5de8-83e3-a495719d1b9e'::uuid),
  ('4075e3a1-682c-57e6-9a57-fe8a83a617c3'::uuid, '49922c47-95b3-5153-88b1-20dc8dbb4e6e'::uuid, 'afeb444c-9d3e-5129-8406-b6e43a17a88d'::uuid, 'B', '47f68b69-cae8-5de8-83e3-a495719d1b9e'::uuid),
  ('4c6f6acd-6e43-51bc-b4aa-a6fd5dd630cb'::uuid, '11141433-8ea7-5952-89d1-d0f39fcbe145'::uuid, '5b2a4c4e-264a-5bf9-a2b3-2b2ed797d456'::uuid, 'A', '5f1670e9-fb4d-5d92-901f-cd6bed76d2b0'::uuid),
  ('678e9835-a492-5b05-a97f-6ea067503e31'::uuid, '11141433-8ea7-5952-89d1-d0f39fcbe145'::uuid, 'b87dbf3e-cafa-5116-8ce6-975fe440be82'::uuid, 'A', '5f1670e9-fb4d-5d92-901f-cd6bed76d2b0'::uuid),
  ('e5aeef05-06b7-5527-ba9a-cf53625fed98'::uuid, '11141433-8ea7-5952-89d1-d0f39fcbe145'::uuid, '5571b0f4-1db8-5bb6-b32d-cbf24743cb8e'::uuid, 'B', '47f68b69-cae8-5de8-83e3-a495719d1b9e'::uuid),
  ('d7c1c2bd-e272-552b-953e-10d82298e7c5'::uuid, '11141433-8ea7-5952-89d1-d0f39fcbe145'::uuid, 'a31bb001-bddb-5c5a-b74d-16dc5cfa49a3'::uuid, 'B', '47f68b69-cae8-5de8-83e3-a495719d1b9e'::uuid),
  ('1d83b470-4cd8-57e4-8333-db026c2f646a'::uuid, '3019113f-5dc0-5975-928d-bcb77edbc172'::uuid, '220da543-58e1-5ffe-9fba-b78abc5bf951'::uuid, 'A', '5f1670e9-fb4d-5d92-901f-cd6bed76d2b0'::uuid),
  ('84dd104e-bd02-5a66-907b-0d518d0545cd'::uuid, '3019113f-5dc0-5975-928d-bcb77edbc172'::uuid, '5fae53ee-8420-5573-832e-aa19fcdfb10d'::uuid, 'A', '5f1670e9-fb4d-5d92-901f-cd6bed76d2b0'::uuid),
  ('8f5ecd32-8b3c-5e24-9935-8479e6194af8'::uuid, '3019113f-5dc0-5975-928d-bcb77edbc172'::uuid, 'e37c689d-b31a-54a2-b766-67458f11e693'::uuid, 'B', '47f68b69-cae8-5de8-83e3-a495719d1b9e'::uuid),
  ('700cbb75-1ebb-51a9-808b-c66da4e2e709'::uuid, '3019113f-5dc0-5975-928d-bcb77edbc172'::uuid, '27bb7ccc-03ec-5db6-8e64-22237511355a'::uuid, 'B', '47f68b69-cae8-5de8-83e3-a495719d1b9e'::uuid),
  ('088a1354-df2c-5a9a-b921-f091ba30cd15'::uuid, '0d39267b-087a-52c8-b42d-483bc2e70f7a'::uuid, 'c599cc70-a11c-541f-ad67-47267f7e01f8'::uuid, 'A', '5f1670e9-fb4d-5d92-901f-cd6bed76d2b0'::uuid),
  ('ccb0eb7b-993a-5fbd-8e8b-cd139fdd49dc'::uuid, '0d39267b-087a-52c8-b42d-483bc2e70f7a'::uuid, '1e0ee36f-2ae5-5a30-844c-cf159e753bb4'::uuid, 'A', '5f1670e9-fb4d-5d92-901f-cd6bed76d2b0'::uuid),
  ('276551f2-1bf1-51ff-aa65-1f8b8eb5f5f4'::uuid, '0d39267b-087a-52c8-b42d-483bc2e70f7a'::uuid, '171b2136-e851-51a3-b6ac-2f33895f6cb7'::uuid, 'B', '47f68b69-cae8-5de8-83e3-a495719d1b9e'::uuid),
  ('48163108-9b4f-5f58-8af4-e897b2558cd4'::uuid, '0d39267b-087a-52c8-b42d-483bc2e70f7a'::uuid, 'af81165f-abf2-5fa1-a204-97456cea6331'::uuid, 'B', '47f68b69-cae8-5de8-83e3-a495719d1b9e'::uuid),
  ('a4c9767a-de49-574d-a931-e36e69d1c044'::uuid, 'f0ede8c4-e748-5c9d-891e-a6b991f57270'::uuid, 'f0c7cbfc-2250-5e4b-93de-a6c061855dbf'::uuid, 'A', '5f1670e9-fb4d-5d92-901f-cd6bed76d2b0'::uuid),
  ('f2a1ab1d-8f6e-5ee8-bb24-4bc57bc229c5'::uuid, 'f0ede8c4-e748-5c9d-891e-a6b991f57270'::uuid, '4c13c601-1986-5b72-8c75-1a442a2d8bf8'::uuid, 'A', '5f1670e9-fb4d-5d92-901f-cd6bed76d2b0'::uuid),
  ('fff5389f-6961-5fc9-a1d0-48266e854cf4'::uuid, 'f0ede8c4-e748-5c9d-891e-a6b991f57270'::uuid, '519aa4d2-3603-5dfb-8004-12236d3922a6'::uuid, 'B', '47f68b69-cae8-5de8-83e3-a495719d1b9e'::uuid),
  ('ebc99ae2-1c1c-5d48-8946-73990c5c46a3'::uuid, 'f0ede8c4-e748-5c9d-891e-a6b991f57270'::uuid, '0e01fd89-b73b-503f-95f5-cd92766be706'::uuid, 'B', '47f68b69-cae8-5de8-83e3-a495719d1b9e'::uuid),
  ('64c05fe4-48ab-5cd0-8cae-a4e2e7d6bbb6'::uuid, '8937a4d7-f113-5ef8-b92d-d7881e9c2080'::uuid, '4ea2e495-4bab-51b6-9421-940ca7991690'::uuid, 'A', '5f1670e9-fb4d-5d92-901f-cd6bed76d2b0'::uuid),
  ('7b92e9b4-356b-5683-8a7c-1f2c0f9ee6bf'::uuid, '8937a4d7-f113-5ef8-b92d-d7881e9c2080'::uuid, 'a31bb001-bddb-5c5a-b74d-16dc5cfa49a3'::uuid, 'B', '47f68b69-cae8-5de8-83e3-a495719d1b9e'::uuid),
  ('12c0f4e5-0412-5eb6-9529-39f0bd569cd0'::uuid, 'b688ab1f-d19f-5536-9005-4eea71ec82f5'::uuid, '4c13c601-1986-5b72-8c75-1a442a2d8bf8'::uuid, 'A', '5f1670e9-fb4d-5d92-901f-cd6bed76d2b0'::uuid),
  ('56ff16fa-26a3-53d3-8559-ffa3580df25c'::uuid, 'b688ab1f-d19f-5536-9005-4eea71ec82f5'::uuid, 'af81165f-abf2-5fa1-a204-97456cea6331'::uuid, 'B', '47f68b69-cae8-5de8-83e3-a495719d1b9e'::uuid),
  ('4e53f793-61f2-53ae-a889-3669e042a598'::uuid, 'ccb4c915-1002-5ce6-b907-6e9ab52d134e'::uuid, 'feedad5f-6aaa-5d87-adae-82dba0cc924a'::uuid, 'A', '5f1670e9-fb4d-5d92-901f-cd6bed76d2b0'::uuid),
  ('19a8d495-6f69-5055-99af-7167f22d1f14'::uuid, 'ccb4c915-1002-5ce6-b907-6e9ab52d134e'::uuid, '45ce590d-fe6c-5971-abcb-c09090cba52b'::uuid, 'B', '47f68b69-cae8-5de8-83e3-a495719d1b9e'::uuid),
  ('4d179a7f-d447-5ef8-a0da-83b9cfe1ddbb'::uuid, 'df800b9b-2646-5d4a-bc4a-16ef42a5a1af'::uuid, '5b2a4c4e-264a-5bf9-a2b3-2b2ed797d456'::uuid, 'A', '5f1670e9-fb4d-5d92-901f-cd6bed76d2b0'::uuid),
  ('688d9f7f-7b26-591c-9964-42b9225b0ac5'::uuid, 'df800b9b-2646-5d4a-bc4a-16ef42a5a1af'::uuid, '27bb7ccc-03ec-5db6-8e64-22237511355a'::uuid, 'B', '47f68b69-cae8-5de8-83e3-a495719d1b9e'::uuid),
  ('20fdf7f9-97f1-5a9d-8860-c1b8cd3af36e'::uuid, 'dda11c9c-501d-5ca7-94ee-ffb70d735890'::uuid, '1e0ee36f-2ae5-5a30-844c-cf159e753bb4'::uuid, 'A', '5f1670e9-fb4d-5d92-901f-cd6bed76d2b0'::uuid),
  ('ffec1b36-e944-51ef-a8ce-09de9f54b5ad'::uuid, 'dda11c9c-501d-5ca7-94ee-ffb70d735890'::uuid, '519aa4d2-3603-5dfb-8004-12236d3922a6'::uuid, 'B', '47f68b69-cae8-5de8-83e3-a495719d1b9e'::uuid),
  ('5816f502-e897-58d9-bf72-b060cd93f758'::uuid, '6f9f4339-e7b2-5595-acfd-2f8af84d3b7f'::uuid, 'f0c7cbfc-2250-5e4b-93de-a6c061855dbf'::uuid, 'A', '5f1670e9-fb4d-5d92-901f-cd6bed76d2b0'::uuid),
  ('1fe06633-50e0-5f2b-9d3f-d0ce67d5a87c'::uuid, '6f9f4339-e7b2-5595-acfd-2f8af84d3b7f'::uuid, 'e471b9c7-e709-54da-8fb3-0116001a981a'::uuid, 'B', '47f68b69-cae8-5de8-83e3-a495719d1b9e'::uuid),
  ('1967536c-6a7e-57d4-89f5-2b014f4b8a1c'::uuid, '43f15944-db33-5cdf-80e5-83e0d7e361a7'::uuid, '220da543-58e1-5ffe-9fba-b78abc5bf951'::uuid, 'A', '5f1670e9-fb4d-5d92-901f-cd6bed76d2b0'::uuid),
  ('fb47e507-ffe3-5dae-a513-41784613e31e'::uuid, '43f15944-db33-5cdf-80e5-83e0d7e361a7'::uuid, '5571b0f4-1db8-5bb6-b32d-cbf24743cb8e'::uuid, 'B', '47f68b69-cae8-5de8-83e3-a495719d1b9e'::uuid),
  ('eb844564-17d0-56c2-a400-6194d2f1a723'::uuid, '43440f48-00ea-5d0c-9b03-20ead8a5311b'::uuid, 'b87dbf3e-cafa-5116-8ce6-975fe440be82'::uuid, 'A', '5f1670e9-fb4d-5d92-901f-cd6bed76d2b0'::uuid),
  ('ab1a70ff-aff0-57b0-9c84-2408d7a779fd'::uuid, '43440f48-00ea-5d0c-9b03-20ead8a5311b'::uuid, 'e37c689d-b31a-54a2-b766-67458f11e693'::uuid, 'B', '47f68b69-cae8-5de8-83e3-a495719d1b9e'::uuid),
  ('d475d2bb-729e-5030-8a2f-e255ba9c48f7'::uuid, '12daddb7-2851-5fc1-a58e-a4e760078ca0'::uuid, '852d919c-b3b1-5efc-b205-934771ca4599'::uuid, 'A', '5f1670e9-fb4d-5d92-901f-cd6bed76d2b0'::uuid),
  ('4c820582-5d5a-5940-b30d-d0bff0290ab3'::uuid, '12daddb7-2851-5fc1-a58e-a4e760078ca0'::uuid, '7a87a628-32c5-51f2-b10c-3cd4926d378f'::uuid, 'B', '47f68b69-cae8-5de8-83e3-a495719d1b9e'::uuid),
  ('34788800-cf47-51fa-89f5-8442f2bbfd26'::uuid, '1d7870c2-3c10-54b4-a4dd-41f95bac8df5'::uuid, '5fae53ee-8420-5573-832e-aa19fcdfb10d'::uuid, 'A', '5f1670e9-fb4d-5d92-901f-cd6bed76d2b0'::uuid),
  ('a022d631-50cd-5415-9ad1-c10bc40c62f7'::uuid, '1d7870c2-3c10-54b4-a4dd-41f95bac8df5'::uuid, 'afeb444c-9d3e-5129-8406-b6e43a17a88d'::uuid, 'B', '47f68b69-cae8-5de8-83e3-a495719d1b9e'::uuid),
  ('be7cd716-4a20-5483-a646-96bbf7162f18'::uuid, '82cfc5ed-0a8f-5b4a-8f1c-6ca788b560ee'::uuid, 'c599cc70-a11c-541f-ad67-47267f7e01f8'::uuid, 'A', '5f1670e9-fb4d-5d92-901f-cd6bed76d2b0'::uuid),
  ('32980187-9248-5ee2-b706-dbd2b15f1f24'::uuid, '82cfc5ed-0a8f-5b4a-8f1c-6ca788b560ee'::uuid, '171b2136-e851-51a3-b6ac-2f33895f6cb7'::uuid, 'B', '47f68b69-cae8-5de8-83e3-a495719d1b9e'::uuid),
  ('08fde9e6-c2e9-501d-9adc-21da40bbd8f2'::uuid, '3c23afa8-3231-5444-8cc5-ee5ea7014957'::uuid, 'add47b5e-6f6a-5c49-b2d3-15dd8cfd84e1'::uuid, 'A', '5f1670e9-fb4d-5d92-901f-cd6bed76d2b0'::uuid),
  ('9d05e2ce-d7f9-5105-8d8a-6e97b7d16a14'::uuid, '3c23afa8-3231-5444-8cc5-ee5ea7014957'::uuid, '0e01fd89-b73b-503f-95f5-cd92766be706'::uuid, 'B', '47f68b69-cae8-5de8-83e3-a495719d1b9e'::uuid),
  ('3b1a4e62-91ca-593f-a200-be616d51f818'::uuid, '41fa1229-f0f1-5383-b4ab-59122000a4b7'::uuid, '1e0ee36f-2ae5-5a30-844c-cf159e753bb4'::uuid, 'A', '0e0b8106-cab4-5c93-8cd8-22d2fd68ec77'::uuid),
  ('65112cb6-d09d-5c2b-8082-a72979717d6b'::uuid, '41fa1229-f0f1-5383-b4ab-59122000a4b7'::uuid, 'f0c7cbfc-2250-5e4b-93de-a6c061855dbf'::uuid, 'A', '0e0b8106-cab4-5c93-8cd8-22d2fd68ec77'::uuid),
  ('0e7ce8eb-e116-52ae-9c61-3ab988765df9'::uuid, '41fa1229-f0f1-5383-b4ab-59122000a4b7'::uuid, 'e471b9c7-e709-54da-8fb3-0116001a981a'::uuid, 'B', '0ce46b34-6473-5adf-907b-a476f74123e1'::uuid),
  ('8f3997eb-62e8-5511-b8ed-89287b7c3772'::uuid, '41fa1229-f0f1-5383-b4ab-59122000a4b7'::uuid, 'c599cc70-a11c-541f-ad67-47267f7e01f8'::uuid, 'B', '0ce46b34-6473-5adf-907b-a476f74123e1'::uuid),
  ('70334b90-491d-5f0f-b92d-5a190d874bb2'::uuid, '7dc6fc87-8055-57a6-9431-cdb1a38d16db'::uuid, 'a31bb001-bddb-5c5a-b74d-16dc5cfa49a3'::uuid, 'A', '0e0b8106-cab4-5c93-8cd8-22d2fd68ec77'::uuid),
  ('c198bfed-d386-5dcd-8c94-e8d302a7e583'::uuid, '7dc6fc87-8055-57a6-9431-cdb1a38d16db'::uuid, '171b2136-e851-51a3-b6ac-2f33895f6cb7'::uuid, 'A', '0e0b8106-cab4-5c93-8cd8-22d2fd68ec77'::uuid),
  ('d47b1f9d-adb1-5eda-ab74-025a4dd1af90'::uuid, '7dc6fc87-8055-57a6-9431-cdb1a38d16db'::uuid, 'af81165f-abf2-5fa1-a204-97456cea6331'::uuid, 'B', '0ce46b34-6473-5adf-907b-a476f74123e1'::uuid),
  ('226ea2b1-e332-5730-9834-2d0d1fa1bd51'::uuid, '7dc6fc87-8055-57a6-9431-cdb1a38d16db'::uuid, 'afeb444c-9d3e-5129-8406-b6e43a17a88d'::uuid, 'B', '0ce46b34-6473-5adf-907b-a476f74123e1'::uuid),
  ('32666c07-a263-5db1-8b65-2d9eff5c8775'::uuid, 'dd36166e-7609-53a6-b54c-5b769c7b0311'::uuid, '27bb7ccc-03ec-5db6-8e64-22237511355a'::uuid, 'A', '0e0b8106-cab4-5c93-8cd8-22d2fd68ec77'::uuid),
  ('ba10d44f-57e2-57b6-b905-66cbe2bed3a4'::uuid, 'dd36166e-7609-53a6-b54c-5b769c7b0311'::uuid, '519aa4d2-3603-5dfb-8004-12236d3922a6'::uuid, 'A', '0e0b8106-cab4-5c93-8cd8-22d2fd68ec77'::uuid),
  ('2e6b595c-bb28-5414-9553-52eacc5b5cf2'::uuid, 'dd36166e-7609-53a6-b54c-5b769c7b0311'::uuid, '220da543-58e1-5ffe-9fba-b78abc5bf951'::uuid, 'B', '0ce46b34-6473-5adf-907b-a476f74123e1'::uuid),
  ('4b518cdf-7a20-5e60-a390-70c4c32a40a1'::uuid, 'dd36166e-7609-53a6-b54c-5b769c7b0311'::uuid, 'a9838793-4f23-57da-b044-7d7e2e50f9ca'::uuid, 'B', '0ce46b34-6473-5adf-907b-a476f74123e1'::uuid),
  ('babdf365-d114-5212-8a48-54964ebe4307'::uuid, 'ec75fa49-103b-5da0-b0b7-a75bc26b6421'::uuid, '4c13c601-1986-5b72-8c75-1a442a2d8bf8'::uuid, 'A', '0e0b8106-cab4-5c93-8cd8-22d2fd68ec77'::uuid),
  ('26c3de65-5c67-5fb9-95e6-7bf10b1d8d35'::uuid, 'ec75fa49-103b-5da0-b0b7-a75bc26b6421'::uuid, 'e37c689d-b31a-54a2-b766-67458f11e693'::uuid, 'A', '0e0b8106-cab4-5c93-8cd8-22d2fd68ec77'::uuid),
  ('b747efe0-adf5-5171-83d4-22b8823652f3'::uuid, 'ec75fa49-103b-5da0-b0b7-a75bc26b6421'::uuid, 'feedad5f-6aaa-5d87-adae-82dba0cc924a'::uuid, 'B', '0ce46b34-6473-5adf-907b-a476f74123e1'::uuid),
  ('a741b151-b17f-57da-9388-c849bcc70620'::uuid, 'ec75fa49-103b-5da0-b0b7-a75bc26b6421'::uuid, '5fae53ee-8420-5573-832e-aa19fcdfb10d'::uuid, 'B', '0ce46b34-6473-5adf-907b-a476f74123e1'::uuid),
  ('1339da52-ccb6-5435-88d5-3b56bd0ae2d8'::uuid, 'e9ee31d3-ceaa-5c1f-87ca-68855904e6f0'::uuid, '4c13c601-1986-5b72-8c75-1a442a2d8bf8'::uuid, 'A', '0e0b8106-cab4-5c93-8cd8-22d2fd68ec77'::uuid),
  ('e147e874-c80d-5926-8d07-c4f4df40de98'::uuid, 'e9ee31d3-ceaa-5c1f-87ca-68855904e6f0'::uuid, 'f0c7cbfc-2250-5e4b-93de-a6c061855dbf'::uuid, 'A', '0e0b8106-cab4-5c93-8cd8-22d2fd68ec77'::uuid),
  ('e1dcb965-7385-500a-9689-2db8f875c14c'::uuid, 'e9ee31d3-ceaa-5c1f-87ca-68855904e6f0'::uuid, 'af81165f-abf2-5fa1-a204-97456cea6331'::uuid, 'B', '0ce46b34-6473-5adf-907b-a476f74123e1'::uuid),
  ('14fffe4e-593d-5e75-ad0b-70cd805cc43e'::uuid, 'e9ee31d3-ceaa-5c1f-87ca-68855904e6f0'::uuid, 'c599cc70-a11c-541f-ad67-47267f7e01f8'::uuid, 'B', '0ce46b34-6473-5adf-907b-a476f74123e1'::uuid),
  ('bc51e943-b00e-5571-9d29-4cd4e1e66696'::uuid, '68ae26ee-3a27-5cc0-95e3-813ad896e1b9'::uuid, '1e0ee36f-2ae5-5a30-844c-cf159e753bb4'::uuid, 'A', '0e0b8106-cab4-5c93-8cd8-22d2fd68ec77'::uuid),
  ('f45b68b3-8ae7-52f6-8c79-7f3f4ccce05d'::uuid, '68ae26ee-3a27-5cc0-95e3-813ad896e1b9'::uuid, '519aa4d2-3603-5dfb-8004-12236d3922a6'::uuid, 'A', '0e0b8106-cab4-5c93-8cd8-22d2fd68ec77'::uuid),
  ('c250df15-1339-532c-9f08-afc0ecf8a243'::uuid, '68ae26ee-3a27-5cc0-95e3-813ad896e1b9'::uuid, 'a9838793-4f23-57da-b044-7d7e2e50f9ca'::uuid, 'B', '0ce46b34-6473-5adf-907b-a476f74123e1'::uuid),
  ('8038dcd4-7bc4-5512-9940-a5e308258ff3'::uuid, '68ae26ee-3a27-5cc0-95e3-813ad896e1b9'::uuid, 'feedad5f-6aaa-5d87-adae-82dba0cc924a'::uuid, 'B', '0ce46b34-6473-5adf-907b-a476f74123e1'::uuid),
  ('6dc8d60a-66a1-5b22-91f6-fa99eb460a02'::uuid, '10d042e6-38ff-5de3-9253-a3f52693b154'::uuid, '27bb7ccc-03ec-5db6-8e64-22237511355a'::uuid, 'A', '0e0b8106-cab4-5c93-8cd8-22d2fd68ec77'::uuid),
  ('6f5c7e32-3484-5621-821b-7852ef1e989c'::uuid, '10d042e6-38ff-5de3-9253-a3f52693b154'::uuid, '171b2136-e851-51a3-b6ac-2f33895f6cb7'::uuid, 'A', '0e0b8106-cab4-5c93-8cd8-22d2fd68ec77'::uuid),
  ('8d3fbf4e-de0e-59f8-9771-3ae32b874cd4'::uuid, '10d042e6-38ff-5de3-9253-a3f52693b154'::uuid, '220da543-58e1-5ffe-9fba-b78abc5bf951'::uuid, 'B', '0ce46b34-6473-5adf-907b-a476f74123e1'::uuid),
  ('f048a3ba-1afe-59b6-8b64-712f4ffa26bc'::uuid, '10d042e6-38ff-5de3-9253-a3f52693b154'::uuid, '5fae53ee-8420-5573-832e-aa19fcdfb10d'::uuid, 'B', '0ce46b34-6473-5adf-907b-a476f74123e1'::uuid),
  ('74a4ed4a-5b90-5a84-aa35-6e720cd19609'::uuid, '20106e38-b4b5-55f2-808a-8051194e7b03'::uuid, 'a31bb001-bddb-5c5a-b74d-16dc5cfa49a3'::uuid, 'A', '0e0b8106-cab4-5c93-8cd8-22d2fd68ec77'::uuid),
  ('9fa25b39-cb28-537e-9c8f-5050a5cc55b4'::uuid, '20106e38-b4b5-55f2-808a-8051194e7b03'::uuid, 'e37c689d-b31a-54a2-b766-67458f11e693'::uuid, 'A', '0e0b8106-cab4-5c93-8cd8-22d2fd68ec77'::uuid),
  ('7302cd59-22e1-567a-9ee2-93ee87eacccf'::uuid, '20106e38-b4b5-55f2-808a-8051194e7b03'::uuid, 'afeb444c-9d3e-5129-8406-b6e43a17a88d'::uuid, 'B', '0ce46b34-6473-5adf-907b-a476f74123e1'::uuid),
  ('f391c142-ae97-5c92-ac94-9d793b25721c'::uuid, '20106e38-b4b5-55f2-808a-8051194e7b03'::uuid, 'e471b9c7-e709-54da-8fb3-0116001a981a'::uuid, 'B', '0ce46b34-6473-5adf-907b-a476f74123e1'::uuid),
  ('6f77ad7c-8c17-57e9-bfa3-47c911a78362'::uuid, '91564eee-25db-5827-b778-89f7cca6e480'::uuid, '4c13c601-1986-5b72-8c75-1a442a2d8bf8'::uuid, 'A', '0e0b8106-cab4-5c93-8cd8-22d2fd68ec77'::uuid),
  ('889b2565-d63d-5a30-bac8-c18d199ffa50'::uuid, '91564eee-25db-5827-b778-89f7cca6e480'::uuid, '519aa4d2-3603-5dfb-8004-12236d3922a6'::uuid, 'A', '0e0b8106-cab4-5c93-8cd8-22d2fd68ec77'::uuid),
  ('ca77cec5-5152-5639-9533-312746f26218'::uuid, '91564eee-25db-5827-b778-89f7cca6e480'::uuid, 'a9838793-4f23-57da-b044-7d7e2e50f9ca'::uuid, 'B', '0ce46b34-6473-5adf-907b-a476f74123e1'::uuid),
  ('c3340015-7212-598f-9e73-53d6c1a809c4'::uuid, '91564eee-25db-5827-b778-89f7cca6e480'::uuid, 'e471b9c7-e709-54da-8fb3-0116001a981a'::uuid, 'B', '0ce46b34-6473-5adf-907b-a476f74123e1'::uuid),
  ('3bea8c57-85c1-50a1-a807-d57c85ba1ad6'::uuid, '94a76807-d001-535f-b352-1f87056ef74b'::uuid, '171b2136-e851-51a3-b6ac-2f33895f6cb7'::uuid, 'A', '0e0b8106-cab4-5c93-8cd8-22d2fd68ec77'::uuid),
  ('bc417b30-5a5a-5f2e-b6e8-7c56ca6ecedd'::uuid, '94a76807-d001-535f-b352-1f87056ef74b'::uuid, 'a31bb001-bddb-5c5a-b74d-16dc5cfa49a3'::uuid, 'A', '0e0b8106-cab4-5c93-8cd8-22d2fd68ec77'::uuid),
  ('f4f07d4b-3fbd-5700-bb9a-6c923b18a567'::uuid, '94a76807-d001-535f-b352-1f87056ef74b'::uuid, '220da543-58e1-5ffe-9fba-b78abc5bf951'::uuid, 'B', '0ce46b34-6473-5adf-907b-a476f74123e1'::uuid),
  ('7600d954-124c-5fd3-a15b-9339b1ee1504'::uuid, '94a76807-d001-535f-b352-1f87056ef74b'::uuid, 'af81165f-abf2-5fa1-a204-97456cea6331'::uuid, 'B', '0ce46b34-6473-5adf-907b-a476f74123e1'::uuid),
  ('a5644dc6-b300-5523-b39d-42139c2be8cc'::uuid, '396fd1e5-a516-5f40-a355-09eeb1b1c860'::uuid, '1e0ee36f-2ae5-5a30-844c-cf159e753bb4'::uuid, 'A', '0e0b8106-cab4-5c93-8cd8-22d2fd68ec77'::uuid),
  ('0abf3f8c-ed9d-580c-8304-359af1ee1a7f'::uuid, '396fd1e5-a516-5f40-a355-09eeb1b1c860'::uuid, 'f0c7cbfc-2250-5e4b-93de-a6c061855dbf'::uuid, 'A', '0e0b8106-cab4-5c93-8cd8-22d2fd68ec77'::uuid),
  ('6a64e870-94e3-5301-9b67-d0819b53d03a'::uuid, '396fd1e5-a516-5f40-a355-09eeb1b1c860'::uuid, '5fae53ee-8420-5573-832e-aa19fcdfb10d'::uuid, 'B', '0ce46b34-6473-5adf-907b-a476f74123e1'::uuid),
  ('cd6d50b5-800e-53f3-ad31-5ea51bb3d083'::uuid, '396fd1e5-a516-5f40-a355-09eeb1b1c860'::uuid, 'afeb444c-9d3e-5129-8406-b6e43a17a88d'::uuid, 'B', '0ce46b34-6473-5adf-907b-a476f74123e1'::uuid),
  ('f02f735c-9a80-53f0-8cf5-bfc62b1dce64'::uuid, '03dd6d6f-5a58-5f02-8e56-638685e9aff2'::uuid, '27bb7ccc-03ec-5db6-8e64-22237511355a'::uuid, 'A', '0e0b8106-cab4-5c93-8cd8-22d2fd68ec77'::uuid),
  ('c0b97076-3eba-546f-a205-dece96ed25cc'::uuid, '03dd6d6f-5a58-5f02-8e56-638685e9aff2'::uuid, 'e37c689d-b31a-54a2-b766-67458f11e693'::uuid, 'A', '0e0b8106-cab4-5c93-8cd8-22d2fd68ec77'::uuid),
  ('38f0acb2-2e08-5d38-9ccc-232190adb08b'::uuid, '03dd6d6f-5a58-5f02-8e56-638685e9aff2'::uuid, 'feedad5f-6aaa-5d87-adae-82dba0cc924a'::uuid, 'B', '0ce46b34-6473-5adf-907b-a476f74123e1'::uuid),
  ('6ad8dd40-d652-5b8b-b101-fa950548ff4f'::uuid, '03dd6d6f-5a58-5f02-8e56-638685e9aff2'::uuid, 'c599cc70-a11c-541f-ad67-47267f7e01f8'::uuid, 'B', '0ce46b34-6473-5adf-907b-a476f74123e1'::uuid),
  ('65ebbbda-c96c-5e86-8b2e-e70fa8e1b418'::uuid, '8fe41586-adba-55f7-8f6c-6242c2d2bf6f'::uuid, '171b2136-e851-51a3-b6ac-2f33895f6cb7'::uuid, 'A', '0e0b8106-cab4-5c93-8cd8-22d2fd68ec77'::uuid),
  ('93a6e5d2-a50a-5c43-b697-04cebec13ce5'::uuid, '8fe41586-adba-55f7-8f6c-6242c2d2bf6f'::uuid, 'e471b9c7-e709-54da-8fb3-0116001a981a'::uuid, 'B', '0ce46b34-6473-5adf-907b-a476f74123e1'::uuid),
  ('3e9730db-0f51-592d-affb-b983309626fb'::uuid, '87c2aae4-8d5c-516e-8ef5-1364b4254a99'::uuid, '519aa4d2-3603-5dfb-8004-12236d3922a6'::uuid, 'A', '0e0b8106-cab4-5c93-8cd8-22d2fd68ec77'::uuid),
  ('f8188814-5f00-5d43-9128-6c2438c1b496'::uuid, '87c2aae4-8d5c-516e-8ef5-1364b4254a99'::uuid, 'c599cc70-a11c-541f-ad67-47267f7e01f8'::uuid, 'B', '0ce46b34-6473-5adf-907b-a476f74123e1'::uuid),
  ('b59addfb-703f-5f5d-b417-020d4d4c5c8c'::uuid, '3498f006-10cc-5876-b3d2-3af475f46df1'::uuid, '1e0ee36f-2ae5-5a30-844c-cf159e753bb4'::uuid, 'A', '0e0b8106-cab4-5c93-8cd8-22d2fd68ec77'::uuid),
  ('3caecad5-f179-5558-8135-5fc162776b97'::uuid, '3498f006-10cc-5876-b3d2-3af475f46df1'::uuid, '220da543-58e1-5ffe-9fba-b78abc5bf951'::uuid, 'B', '0ce46b34-6473-5adf-907b-a476f74123e1'::uuid),
  ('8d90199f-cbb3-5b48-9c09-f87afcd4531c'::uuid, '392c011e-4b4a-579d-967e-c5e1348e9260'::uuid, '27bb7ccc-03ec-5db6-8e64-22237511355a'::uuid, 'A', '0e0b8106-cab4-5c93-8cd8-22d2fd68ec77'::uuid),
  ('2d4456f0-4a11-5f2b-a47f-3a3d1d2f7dbe'::uuid, '392c011e-4b4a-579d-967e-c5e1348e9260'::uuid, 'af81165f-abf2-5fa1-a204-97456cea6331'::uuid, 'B', '0ce46b34-6473-5adf-907b-a476f74123e1'::uuid),
  ('1bf09439-a835-5bd0-9e49-948319346750'::uuid, 'bcef7f6b-0856-5331-b514-0185edd370fe'::uuid, 'f0c7cbfc-2250-5e4b-93de-a6c061855dbf'::uuid, 'A', '0e0b8106-cab4-5c93-8cd8-22d2fd68ec77'::uuid),
  ('231acea6-5579-56b5-bccd-798f1b7e6b0e'::uuid, 'bcef7f6b-0856-5331-b514-0185edd370fe'::uuid, '5fae53ee-8420-5573-832e-aa19fcdfb10d'::uuid, 'B', '0ce46b34-6473-5adf-907b-a476f74123e1'::uuid),
  ('d85fe846-31c1-5c05-870a-bb43e3d73c6c'::uuid, '943b7289-8877-52ab-bc41-046345776211'::uuid, '4c13c601-1986-5b72-8c75-1a442a2d8bf8'::uuid, 'A', '0e0b8106-cab4-5c93-8cd8-22d2fd68ec77'::uuid),
  ('6ba7ccee-a909-572e-9b1b-63f741d5f41d'::uuid, '943b7289-8877-52ab-bc41-046345776211'::uuid, 'afeb444c-9d3e-5129-8406-b6e43a17a88d'::uuid, 'B', '0ce46b34-6473-5adf-907b-a476f74123e1'::uuid),
  ('9e300c7e-240b-5a13-8570-517a39ab78c7'::uuid, '6a092db0-1fa6-55c4-b15d-b897b46b69f5'::uuid, 'e37c689d-b31a-54a2-b766-67458f11e693'::uuid, 'A', '0e0b8106-cab4-5c93-8cd8-22d2fd68ec77'::uuid),
  ('33d749fe-af7b-5b3a-8e0f-552cc4c25212'::uuid, '6a092db0-1fa6-55c4-b15d-b897b46b69f5'::uuid, 'feedad5f-6aaa-5d87-adae-82dba0cc924a'::uuid, 'B', '0ce46b34-6473-5adf-907b-a476f74123e1'::uuid),
  ('b1debec9-8dd2-5e83-a20f-b19cdd39587b'::uuid, 'b7236ec2-b2d2-5369-ab0c-41f9121678fc'::uuid, 'a31bb001-bddb-5c5a-b74d-16dc5cfa49a3'::uuid, 'A', '0e0b8106-cab4-5c93-8cd8-22d2fd68ec77'::uuid),
  ('ab18cafa-fa67-5d67-87e6-b5292cbe52e6'::uuid, 'b7236ec2-b2d2-5369-ab0c-41f9121678fc'::uuid, 'a9838793-4f23-57da-b044-7d7e2e50f9ca'::uuid, 'B', '0ce46b34-6473-5adf-907b-a476f74123e1'::uuid),
  ('ebfb0c4c-c23e-5bc1-b021-d39c9d58269e'::uuid, '83dd48fc-e96a-56f8-8a61-33223b7b247d'::uuid, '45ce590d-fe6c-5971-abcb-c09090cba52b'::uuid, 'A', 'ecf6ffd3-2ada-5a20-8d8f-1c12a22b23f2'::uuid),
  ('ef71bd67-1f93-52da-bf00-53eccc3d8ac3'::uuid, '83dd48fc-e96a-56f8-8a61-33223b7b247d'::uuid, '5fae53ee-8420-5573-832e-aa19fcdfb10d'::uuid, 'A', 'ecf6ffd3-2ada-5a20-8d8f-1c12a22b23f2'::uuid),
  ('ad3e792b-ef2e-50f5-8ff8-fac78405bfed'::uuid, '83dd48fc-e96a-56f8-8a61-33223b7b247d'::uuid, '5571b0f4-1db8-5bb6-b32d-cbf24743cb8e'::uuid, 'B', '9e6cdbf8-9c09-54cb-829a-dada734bbd4d'::uuid),
  ('69d2732d-ad4d-5e2b-abe0-05d49b48eb83'::uuid, '83dd48fc-e96a-56f8-8a61-33223b7b247d'::uuid, '27bb7ccc-03ec-5db6-8e64-22237511355a'::uuid, 'B', '9e6cdbf8-9c09-54cb-829a-dada734bbd4d'::uuid),
  ('058bf58b-12b0-5abd-9306-34f0f4fc9e81'::uuid, 'eb15b184-301e-5c78-aa99-db3685c38143'::uuid, 'feedad5f-6aaa-5d87-adae-82dba0cc924a'::uuid, 'A', 'ecf6ffd3-2ada-5a20-8d8f-1c12a22b23f2'::uuid),
  ('9a020709-7d43-5fc3-b69c-46daee839462'::uuid, 'eb15b184-301e-5c78-aa99-db3685c38143'::uuid, 'c599cc70-a11c-541f-ad67-47267f7e01f8'::uuid, 'A', 'ecf6ffd3-2ada-5a20-8d8f-1c12a22b23f2'::uuid),
  ('b592e008-a1a9-5bad-b453-024407307b3a'::uuid, 'eb15b184-301e-5c78-aa99-db3685c38143'::uuid, '4ea2e495-4bab-51b6-9421-940ca7991690'::uuid, 'B', '9e6cdbf8-9c09-54cb-829a-dada734bbd4d'::uuid),
  ('54a3f901-4280-53c8-a671-df5d39703728'::uuid, 'eb15b184-301e-5c78-aa99-db3685c38143'::uuid, '4f423e7b-a9c1-5be2-87fd-ea2f71ed786f'::uuid, 'B', '9e6cdbf8-9c09-54cb-829a-dada734bbd4d'::uuid),
  ('9b0866ba-d0f1-5d39-84e8-01bdd26e7864'::uuid, '9cdce202-ded0-50bb-9725-f352f77c6553'::uuid, 'afeb444c-9d3e-5129-8406-b6e43a17a88d'::uuid, 'A', 'ecf6ffd3-2ada-5a20-8d8f-1c12a22b23f2'::uuid),
  ('f0ee4b9f-47e1-5933-8e5f-727a1c1589de'::uuid, '9cdce202-ded0-50bb-9725-f352f77c6553'::uuid, '1e0ee36f-2ae5-5a30-844c-cf159e753bb4'::uuid, 'A', 'ecf6ffd3-2ada-5a20-8d8f-1c12a22b23f2'::uuid),
  ('891ab998-da70-53de-95e4-3934f53ba543'::uuid, '9cdce202-ded0-50bb-9725-f352f77c6553'::uuid, 'f0c7cbfc-2250-5e4b-93de-a6c061855dbf'::uuid, 'B', '9e6cdbf8-9c09-54cb-829a-dada734bbd4d'::uuid),
  ('6a1416bb-7ec8-5695-84bd-5392fb54eca8'::uuid, '9cdce202-ded0-50bb-9725-f352f77c6553'::uuid, '220da543-58e1-5ffe-9fba-b78abc5bf951'::uuid, 'B', '9e6cdbf8-9c09-54cb-829a-dada734bbd4d'::uuid),
  ('e0ff8b6a-78b0-5de7-a3a1-2e5087ab058a'::uuid, '032a3186-db89-5ded-bf73-8a6a525f6985'::uuid, '171b2136-e851-51a3-b6ac-2f33895f6cb7'::uuid, 'A', 'ecf6ffd3-2ada-5a20-8d8f-1c12a22b23f2'::uuid),
  ('f48f7794-9a55-5d72-9f34-dbe076d19f52'::uuid, '032a3186-db89-5ded-bf73-8a6a525f6985'::uuid, '0a3d9721-e3d8-5d52-b687-fab4b2ad5c5b'::uuid, 'A', 'ecf6ffd3-2ada-5a20-8d8f-1c12a22b23f2'::uuid),
  ('f0ba904e-2b5d-56d0-a6fc-05c55e9a04b7'::uuid, '032a3186-db89-5ded-bf73-8a6a525f6985'::uuid, 'a9838793-4f23-57da-b044-7d7e2e50f9ca'::uuid, 'B', '9e6cdbf8-9c09-54cb-829a-dada734bbd4d'::uuid),
  ('3dfc793f-a3f8-5365-bbe6-82645ff8a581'::uuid, '032a3186-db89-5ded-bf73-8a6a525f6985'::uuid, 'af81165f-abf2-5fa1-a204-97456cea6331'::uuid, 'B', '9e6cdbf8-9c09-54cb-829a-dada734bbd4d'::uuid),
  ('bed61c31-28bd-56c7-8045-7ed0bb53e722'::uuid, '9b2f7f02-802e-57e2-a127-dff2fdb58989'::uuid, '4084e67e-9798-54af-8532-a05d7cf1fa1c'::uuid, 'A', 'ecf6ffd3-2ada-5a20-8d8f-1c12a22b23f2'::uuid),
  ('2f0c4a25-db0e-53d5-9b5d-c84ae4f5329b'::uuid, '9b2f7f02-802e-57e2-a127-dff2fdb58989'::uuid, '4c13c601-1986-5b72-8c75-1a442a2d8bf8'::uuid, 'A', 'ecf6ffd3-2ada-5a20-8d8f-1c12a22b23f2'::uuid),
  ('8202a4d2-62bd-5ff2-b389-a73d6a91eb77'::uuid, '9b2f7f02-802e-57e2-a127-dff2fdb58989'::uuid, 'a31bb001-bddb-5c5a-b74d-16dc5cfa49a3'::uuid, 'B', '9e6cdbf8-9c09-54cb-829a-dada734bbd4d'::uuid),
  ('630e01ef-1c8f-58a2-9b76-50bfe9fee0bc'::uuid, '9b2f7f02-802e-57e2-a127-dff2fdb58989'::uuid, '519aa4d2-3603-5dfb-8004-12236d3922a6'::uuid, 'B', '9e6cdbf8-9c09-54cb-829a-dada734bbd4d'::uuid),
  ('1dde1b59-8dbe-5957-ad8a-f64269d1752a'::uuid, '469353a0-48cc-5da9-b960-121c15038b14'::uuid, '1e0ee36f-2ae5-5a30-844c-cf159e753bb4'::uuid, 'A', 'ecf6ffd3-2ada-5a20-8d8f-1c12a22b23f2'::uuid),
  ('685ec3a7-2405-5a64-8418-b52e791697aa'::uuid, '469353a0-48cc-5da9-b960-121c15038b14'::uuid, '171b2136-e851-51a3-b6ac-2f33895f6cb7'::uuid, 'A', 'ecf6ffd3-2ada-5a20-8d8f-1c12a22b23f2'::uuid),
  ('a52b1377-b61b-536a-949e-3c138127391f'::uuid, '469353a0-48cc-5da9-b960-121c15038b14'::uuid, 'f0c7cbfc-2250-5e4b-93de-a6c061855dbf'::uuid, 'B', '9e6cdbf8-9c09-54cb-829a-dada734bbd4d'::uuid),
  ('62704ac5-4970-5b16-91bf-af2a2bd2b8c4'::uuid, '469353a0-48cc-5da9-b960-121c15038b14'::uuid, 'af81165f-abf2-5fa1-a204-97456cea6331'::uuid, 'B', '9e6cdbf8-9c09-54cb-829a-dada734bbd4d'::uuid),
  ('96d21797-fa7d-5aa1-92fa-5e7e24093eb0'::uuid, '63291ecc-6d6b-5bdb-9cd1-a4308fe4b0c5'::uuid, '45ce590d-fe6c-5971-abcb-c09090cba52b'::uuid, 'A', 'ecf6ffd3-2ada-5a20-8d8f-1c12a22b23f2'::uuid),
  ('96805717-0914-5a04-85ff-01422d53f147'::uuid, '63291ecc-6d6b-5bdb-9cd1-a4308fe4b0c5'::uuid, '4084e67e-9798-54af-8532-a05d7cf1fa1c'::uuid, 'A', 'ecf6ffd3-2ada-5a20-8d8f-1c12a22b23f2'::uuid),
  ('dbac0d71-d200-5d5a-ac49-94a2fa701cc1'::uuid, '63291ecc-6d6b-5bdb-9cd1-a4308fe4b0c5'::uuid, '4ea2e495-4bab-51b6-9421-940ca7991690'::uuid, 'B', '9e6cdbf8-9c09-54cb-829a-dada734bbd4d'::uuid),
  ('3a045031-5ad3-5cf8-8d99-c49b0bd0c9b8'::uuid, '63291ecc-6d6b-5bdb-9cd1-a4308fe4b0c5'::uuid, '5571b0f4-1db8-5bb6-b32d-cbf24743cb8e'::uuid, 'B', '9e6cdbf8-9c09-54cb-829a-dada734bbd4d'::uuid),
  ('976814f4-bd6d-5a70-8b25-8dafa47a2dd1'::uuid, '9e0467df-a2d2-5b03-bec8-b470babbabe9'::uuid, '4c13c601-1986-5b72-8c75-1a442a2d8bf8'::uuid, 'A', 'ecf6ffd3-2ada-5a20-8d8f-1c12a22b23f2'::uuid),
  ('4745accf-1b9b-5907-a0b2-c7c8f15914d7'::uuid, '9e0467df-a2d2-5b03-bec8-b470babbabe9'::uuid, '5fae53ee-8420-5573-832e-aa19fcdfb10d'::uuid, 'A', 'ecf6ffd3-2ada-5a20-8d8f-1c12a22b23f2'::uuid),
  ('360b47cc-6bf1-52ad-9159-d54a0cbe5414'::uuid, '9e0467df-a2d2-5b03-bec8-b470babbabe9'::uuid, '220da543-58e1-5ffe-9fba-b78abc5bf951'::uuid, 'B', '9e6cdbf8-9c09-54cb-829a-dada734bbd4d'::uuid),
  ('0bb6727f-1525-54b9-b363-e133b59eda3b'::uuid, '9e0467df-a2d2-5b03-bec8-b470babbabe9'::uuid, '4f423e7b-a9c1-5be2-87fd-ea2f71ed786f'::uuid, 'B', '9e6cdbf8-9c09-54cb-829a-dada734bbd4d'::uuid),
  ('c362686d-ec71-567d-a59d-6cffa65a91cd'::uuid, '7848da43-2bad-597d-b3c4-dbe14114df0b'::uuid, '0a3d9721-e3d8-5d52-b687-fab4b2ad5c5b'::uuid, 'A', 'ecf6ffd3-2ada-5a20-8d8f-1c12a22b23f2'::uuid),
  ('f5e4e15d-0d22-5b51-93b9-a5d81c6338a7'::uuid, '7848da43-2bad-597d-b3c4-dbe14114df0b'::uuid, 'c599cc70-a11c-541f-ad67-47267f7e01f8'::uuid, 'A', 'ecf6ffd3-2ada-5a20-8d8f-1c12a22b23f2'::uuid),
  ('cb6eb5af-2b22-58f5-bb2a-36c2ac3cbeb6'::uuid, '7848da43-2bad-597d-b3c4-dbe14114df0b'::uuid, 'a31bb001-bddb-5c5a-b74d-16dc5cfa49a3'::uuid, 'B', '9e6cdbf8-9c09-54cb-829a-dada734bbd4d'::uuid),
  ('8c5cb304-3376-5174-ba16-9e165e405e62'::uuid, '7848da43-2bad-597d-b3c4-dbe14114df0b'::uuid, 'a9838793-4f23-57da-b044-7d7e2e50f9ca'::uuid, 'B', '9e6cdbf8-9c09-54cb-829a-dada734bbd4d'::uuid),
  ('6ea64b3e-08ee-5295-90f7-f387aa5615a9'::uuid, '9814cf8a-d278-5769-9137-4ca91cc8aac0'::uuid, 'feedad5f-6aaa-5d87-adae-82dba0cc924a'::uuid, 'A', 'ecf6ffd3-2ada-5a20-8d8f-1c12a22b23f2'::uuid),
  ('dd2b95c6-3aaf-53a2-9357-e6f60f23b7a0'::uuid, '9814cf8a-d278-5769-9137-4ca91cc8aac0'::uuid, 'afeb444c-9d3e-5129-8406-b6e43a17a88d'::uuid, 'A', 'ecf6ffd3-2ada-5a20-8d8f-1c12a22b23f2'::uuid),
  ('b72352e7-3c12-53ef-8bbc-a2f1c8cad38b'::uuid, '9814cf8a-d278-5769-9137-4ca91cc8aac0'::uuid, '519aa4d2-3603-5dfb-8004-12236d3922a6'::uuid, 'B', '9e6cdbf8-9c09-54cb-829a-dada734bbd4d'::uuid),
  ('6c217b73-6f02-581b-ac44-3e6b93ce32f5'::uuid, '9814cf8a-d278-5769-9137-4ca91cc8aac0'::uuid, '27bb7ccc-03ec-5db6-8e64-22237511355a'::uuid, 'B', '9e6cdbf8-9c09-54cb-829a-dada734bbd4d'::uuid),
  ('745a4a30-2c19-5436-972b-ff4b0d0d6d4f'::uuid, 'c6973df3-4144-568e-b239-eeec30aa4af5'::uuid, 'afeb444c-9d3e-5129-8406-b6e43a17a88d'::uuid, 'A', 'ecf6ffd3-2ada-5a20-8d8f-1c12a22b23f2'::uuid),
  ('2d55808c-771f-53df-b006-93b74282c027'::uuid, 'c6973df3-4144-568e-b239-eeec30aa4af5'::uuid, '220da543-58e1-5ffe-9fba-b78abc5bf951'::uuid, 'B', '9e6cdbf8-9c09-54cb-829a-dada734bbd4d'::uuid),
  ('1dea3a95-4ff0-5f0e-96a4-390b500f6117'::uuid, '932c5160-51ff-53af-a41b-82a5c9845132'::uuid, '1e0ee36f-2ae5-5a30-844c-cf159e753bb4'::uuid, 'A', 'ecf6ffd3-2ada-5a20-8d8f-1c12a22b23f2'::uuid),
  ('47edc195-7ebe-573d-bdbe-bbe1f330377a'::uuid, '932c5160-51ff-53af-a41b-82a5c9845132'::uuid, 'a9838793-4f23-57da-b044-7d7e2e50f9ca'::uuid, 'B', '9e6cdbf8-9c09-54cb-829a-dada734bbd4d'::uuid),
  ('4f7b92a3-8eff-593c-85ab-c46b2a4b266a'::uuid, '7434ed25-7d18-56fc-aae1-bdbfc0422ace'::uuid, 'c599cc70-a11c-541f-ad67-47267f7e01f8'::uuid, 'A', 'ecf6ffd3-2ada-5a20-8d8f-1c12a22b23f2'::uuid),
  ('5429cb2f-3108-5f55-aa74-88f1bb173036'::uuid, '7434ed25-7d18-56fc-aae1-bdbfc0422ace'::uuid, '27bb7ccc-03ec-5db6-8e64-22237511355a'::uuid, 'B', '9e6cdbf8-9c09-54cb-829a-dada734bbd4d'::uuid),
  ('8122df8c-0abe-5102-9258-13a26ed51965'::uuid, '231147d5-6f54-5f6f-b793-0dc691103411'::uuid, '5fae53ee-8420-5573-832e-aa19fcdfb10d'::uuid, 'A', '0e0b8106-cab4-5c93-8cd8-22d2fd68ec77'::uuid),
  ('85975408-a6b6-5e44-a082-e9c92068e7a8'::uuid, '231147d5-6f54-5f6f-b793-0dc691103411'::uuid, 'f0c7cbfc-2250-5e4b-93de-a6c061855dbf'::uuid, 'B', '0ce46b34-6473-5adf-907b-a476f74123e1'::uuid),
  ('4f988c9a-ee6e-5697-a0a9-08233ab830a7'::uuid, 'aa2b39b0-2d16-5a9b-83ef-9723c063dc5f'::uuid, 'feedad5f-6aaa-5d87-adae-82dba0cc924a'::uuid, 'A', 'ecf6ffd3-2ada-5a20-8d8f-1c12a22b23f2'::uuid),
  ('42f7ed35-a0b6-5924-ad94-da210349e5f7'::uuid, 'aa2b39b0-2d16-5a9b-83ef-9723c063dc5f'::uuid, 'af81165f-abf2-5fa1-a204-97456cea6331'::uuid, 'B', '9e6cdbf8-9c09-54cb-829a-dada734bbd4d'::uuid),
  ('1d20cbe3-6f10-56b6-baf9-2d7801a3cae0'::uuid, '4c478546-6e99-501a-bbd3-49fc3fc5bf86'::uuid, '45ce590d-fe6c-5971-abcb-c09090cba52b'::uuid, 'A', 'ecf6ffd3-2ada-5a20-8d8f-1c12a22b23f2'::uuid),
  ('650aa52a-135c-50fd-bf2f-22d8161a5ab5'::uuid, '4c478546-6e99-501a-bbd3-49fc3fc5bf86'::uuid, '5571b0f4-1db8-5bb6-b32d-cbf24743cb8e'::uuid, 'B', '9e6cdbf8-9c09-54cb-829a-dada734bbd4d'::uuid),
  ('6b609959-726e-5394-94b2-8afbcde09a30'::uuid, '1bc59257-2212-5519-85bc-62b49150eec9'::uuid, '4c13c601-1986-5b72-8c75-1a442a2d8bf8'::uuid, 'A', 'ecf6ffd3-2ada-5a20-8d8f-1c12a22b23f2'::uuid),
  ('845bf147-6064-52c4-ae39-f5c3b3975f70'::uuid, '1bc59257-2212-5519-85bc-62b49150eec9'::uuid, 'a31bb001-bddb-5c5a-b74d-16dc5cfa49a3'::uuid, 'B', '9e6cdbf8-9c09-54cb-829a-dada734bbd4d'::uuid),
  ('91e64d61-7908-54aa-84fc-a5e8db0ef53f'::uuid, '60abb025-b44b-5280-b4da-9cf7c23d8403'::uuid, '171b2136-e851-51a3-b6ac-2f33895f6cb7'::uuid, 'A', 'ecf6ffd3-2ada-5a20-8d8f-1c12a22b23f2'::uuid),
  ('4c6af715-fb8c-599f-8ad7-00099ee5a99b'::uuid, '60abb025-b44b-5280-b4da-9cf7c23d8403'::uuid, '4f423e7b-a9c1-5be2-87fd-ea2f71ed786f'::uuid, 'B', '9e6cdbf8-9c09-54cb-829a-dada734bbd4d'::uuid),
  ('d1459bbc-cd77-5893-b599-fe481b2e1c85'::uuid, '11ff7849-d6b3-57de-959d-aa8b46c08eb3'::uuid, '0a3d9721-e3d8-5d52-b687-fab4b2ad5c5b'::uuid, 'A', 'ecf6ffd3-2ada-5a20-8d8f-1c12a22b23f2'::uuid),
  ('6754f313-7938-5158-a897-deba2fc7cf1c'::uuid, '11ff7849-d6b3-57de-959d-aa8b46c08eb3'::uuid, '519aa4d2-3603-5dfb-8004-12236d3922a6'::uuid, 'B', '9e6cdbf8-9c09-54cb-829a-dada734bbd4d'::uuid),
  ('2d84db3a-616e-5cf6-bb0a-6ff1a16c6ffa'::uuid, '01d5911b-4f7c-5011-b011-884eb6a22edf'::uuid, '4084e67e-9798-54af-8532-a05d7cf1fa1c'::uuid, 'A', 'ecf6ffd3-2ada-5a20-8d8f-1c12a22b23f2'::uuid),
  ('a822cb9d-22ed-5115-9e71-2093dd639774'::uuid, '01d5911b-4f7c-5011-b011-884eb6a22edf'::uuid, '4ea2e495-4bab-51b6-9421-940ca7991690'::uuid, 'B', '9e6cdbf8-9c09-54cb-829a-dada734bbd4d'::uuid),
  ('b035e139-d662-545e-8e7f-2d9c41d01152'::uuid, '45fa6876-6e12-5745-98f2-008a05a8ed5e'::uuid, 'c599cc70-a11c-541f-ad67-47267f7e01f8'::uuid, 'A', '69a2178c-d31c-5ec6-bf0c-d240f2d48321'::uuid),
  ('8a9bae64-68d3-57bf-8042-c91f9354c492'::uuid, '45fa6876-6e12-5745-98f2-008a05a8ed5e'::uuid, '0a3d9721-e3d8-5d52-b687-fab4b2ad5c5b'::uuid, 'A', '69a2178c-d31c-5ec6-bf0c-d240f2d48321'::uuid),
  ('6dc1114d-ea76-5c40-ab8b-bc2a935dbf8f'::uuid, '45fa6876-6e12-5745-98f2-008a05a8ed5e'::uuid, 'f0c7cbfc-2250-5e4b-93de-a6c061855dbf'::uuid, 'B', 'eb7c869b-e61c-5010-b40d-99ad0b685b72'::uuid),
  ('5bc1330b-3fef-5049-8ab2-b36239594948'::uuid, '45fa6876-6e12-5745-98f2-008a05a8ed5e'::uuid, '4c13c601-1986-5b72-8c75-1a442a2d8bf8'::uuid, 'B', 'eb7c869b-e61c-5010-b40d-99ad0b685b72'::uuid),
  ('8c720f71-de60-59c6-81db-e24216be6193'::uuid, '3988c692-6c56-5219-bad7-a9dba7569c39'::uuid, '171b2136-e851-51a3-b6ac-2f33895f6cb7'::uuid, 'A', '69a2178c-d31c-5ec6-bf0c-d240f2d48321'::uuid),
  ('7507ccad-e1cf-5c2a-91c3-c4869e985af6'::uuid, '3988c692-6c56-5219-bad7-a9dba7569c39'::uuid, 'afeb444c-9d3e-5129-8406-b6e43a17a88d'::uuid, 'A', '69a2178c-d31c-5ec6-bf0c-d240f2d48321'::uuid),
  ('305bc005-ebe4-56db-b490-96c604d17158'::uuid, '3988c692-6c56-5219-bad7-a9dba7569c39'::uuid, '220da543-58e1-5ffe-9fba-b78abc5bf951'::uuid, 'B', 'eb7c869b-e61c-5010-b40d-99ad0b685b72'::uuid),
  ('f0e0aca2-0692-52c9-8702-54ce8d800bab'::uuid, '3988c692-6c56-5219-bad7-a9dba7569c39'::uuid, '5fae53ee-8420-5573-832e-aa19fcdfb10d'::uuid, 'B', 'eb7c869b-e61c-5010-b40d-99ad0b685b72'::uuid),
  ('12272fbf-a62b-5948-a9a0-2d42804737e4'::uuid, '64789e67-e6f6-5ec7-8e2b-bfa996e06253'::uuid, '519aa4d2-3603-5dfb-8004-12236d3922a6'::uuid, 'A', '69a2178c-d31c-5ec6-bf0c-d240f2d48321'::uuid),
  ('86589d10-980b-5c9d-a292-6c264ef6a5cb'::uuid, '64789e67-e6f6-5ec7-8e2b-bfa996e06253'::uuid, '1e0ee36f-2ae5-5a30-844c-cf159e753bb4'::uuid, 'A', '69a2178c-d31c-5ec6-bf0c-d240f2d48321'::uuid),
  ('89622dc0-49ff-56b3-a7e3-13ded72b66d3'::uuid, '64789e67-e6f6-5ec7-8e2b-bfa996e06253'::uuid, '4084e67e-9798-54af-8532-a05d7cf1fa1c'::uuid, 'B', 'eb7c869b-e61c-5010-b40d-99ad0b685b72'::uuid),
  ('9d6cc35d-429b-5204-ba79-c6cb2abc6b1f'::uuid, '64789e67-e6f6-5ec7-8e2b-bfa996e06253'::uuid, '45ce590d-fe6c-5971-abcb-c09090cba52b'::uuid, 'B', 'eb7c869b-e61c-5010-b40d-99ad0b685b72'::uuid),
  ('b2607a02-f1e3-56eb-a132-ef44e95b88a7'::uuid, '2f2e91b4-64dd-5bcf-8c8e-71c376489e75'::uuid, '5571b0f4-1db8-5bb6-b32d-cbf24743cb8e'::uuid, 'A', '69a2178c-d31c-5ec6-bf0c-d240f2d48321'::uuid),
  ('b12cd6c8-94c1-5201-a694-474b1bd2c540'::uuid, '2f2e91b4-64dd-5bcf-8c8e-71c376489e75'::uuid, 'a31bb001-bddb-5c5a-b74d-16dc5cfa49a3'::uuid, 'A', '69a2178c-d31c-5ec6-bf0c-d240f2d48321'::uuid),
  ('96105943-6272-500d-b2d0-16612faf1513'::uuid, '2f2e91b4-64dd-5bcf-8c8e-71c376489e75'::uuid, 'c9df655c-1617-56e1-8a27-b522f0eec157'::uuid, 'B', 'eb7c869b-e61c-5010-b40d-99ad0b685b72'::uuid),
  ('2ef15a2b-0896-51c8-8677-ed19df313114'::uuid, '2f2e91b4-64dd-5bcf-8c8e-71c376489e75'::uuid, '5b2a4c4e-264a-5bf9-a2b3-2b2ed797d456'::uuid, 'B', 'eb7c869b-e61c-5010-b40d-99ad0b685b72'::uuid),
  ('832b0e65-8bd1-5fc1-a4cd-95f1328dcfad'::uuid, '1e34edf5-02a4-5388-86c2-c9e0b977013c'::uuid, '4ea2e495-4bab-51b6-9421-940ca7991690'::uuid, 'A', '69a2178c-d31c-5ec6-bf0c-d240f2d48321'::uuid),
  ('5b1ccaab-9933-566c-8adf-c5bbda982678'::uuid, '1e34edf5-02a4-5388-86c2-c9e0b977013c'::uuid, '3aa4e93a-a904-5fc8-a6e0-022f2c31d696'::uuid, 'A', '69a2178c-d31c-5ec6-bf0c-d240f2d48321'::uuid),
  ('6b4bfe8d-eea6-5a55-8005-2050d20439d7'::uuid, '1e34edf5-02a4-5388-86c2-c9e0b977013c'::uuid, 'feedad5f-6aaa-5d87-adae-82dba0cc924a'::uuid, 'B', 'eb7c869b-e61c-5010-b40d-99ad0b685b72'::uuid),
  ('4a4dce07-b4c0-5f8d-bd52-7e80f060d2f9'::uuid, '1e34edf5-02a4-5388-86c2-c9e0b977013c'::uuid, 'e37c689d-b31a-54a2-b766-67458f11e693'::uuid, 'B', 'eb7c869b-e61c-5010-b40d-99ad0b685b72'::uuid),
  ('6a0a1bca-86ae-57de-a190-6a8b21e9ef0b'::uuid, '893c5704-5380-53ae-9b0e-4b842c6c573a'::uuid, 'a31bb001-bddb-5c5a-b74d-16dc5cfa49a3'::uuid, 'A', '69a2178c-d31c-5ec6-bf0c-d240f2d48321'::uuid),
  ('6af9596d-2fec-5a33-93f7-5831655fbcd6'::uuid, '893c5704-5380-53ae-9b0e-4b842c6c573a'::uuid, 'feedad5f-6aaa-5d87-adae-82dba0cc924a'::uuid, 'B', 'eb7c869b-e61c-5010-b40d-99ad0b685b72'::uuid),
  ('87f48ada-b9c1-550d-85f5-d185a6dcb9f9'::uuid, '8818ea1b-b5a4-5420-914f-7bfa9643d778'::uuid, '3aa4e93a-a904-5fc8-a6e0-022f2c31d696'::uuid, 'A', '69a2178c-d31c-5ec6-bf0c-d240f2d48321'::uuid),
  ('1cc3f3e8-9890-5403-ad6c-604adca04f84'::uuid, '8818ea1b-b5a4-5420-914f-7bfa9643d778'::uuid, '4c13c601-1986-5b72-8c75-1a442a2d8bf8'::uuid, 'B', 'eb7c869b-e61c-5010-b40d-99ad0b685b72'::uuid),
  ('3d0d92a8-5ad2-5f09-a5d4-1814177224c7'::uuid, 'b4201b75-b3e8-5ea3-afa3-feb1943a43ef'::uuid, '5571b0f4-1db8-5bb6-b32d-cbf24743cb8e'::uuid, 'A', '69a2178c-d31c-5ec6-bf0c-d240f2d48321'::uuid),
  ('0d85eb5c-4fb5-54cd-8681-61722effc945'::uuid, 'b4201b75-b3e8-5ea3-afa3-feb1943a43ef'::uuid, '5b2a4c4e-264a-5bf9-a2b3-2b2ed797d456'::uuid, 'B', 'eb7c869b-e61c-5010-b40d-99ad0b685b72'::uuid),
  ('ff6d0be8-389b-57da-b58b-80920069dd23'::uuid, '93526248-3224-5d90-8673-7800dcd78f8f'::uuid, '519aa4d2-3603-5dfb-8004-12236d3922a6'::uuid, 'A', '69a2178c-d31c-5ec6-bf0c-d240f2d48321'::uuid),
  ('2353504b-b0c5-583a-a3b6-e75ca03527ad'::uuid, '93526248-3224-5d90-8673-7800dcd78f8f'::uuid, '5fae53ee-8420-5573-832e-aa19fcdfb10d'::uuid, 'B', 'eb7c869b-e61c-5010-b40d-99ad0b685b72'::uuid),
  ('d872703a-6ab3-50d1-914e-6edb83d5ac84'::uuid, 'a99dfe68-4af0-506f-ae4e-c86cd2ea759a'::uuid, '0a3d9721-e3d8-5d52-b687-fab4b2ad5c5b'::uuid, 'A', '69a2178c-d31c-5ec6-bf0c-d240f2d48321'::uuid),
  ('fc3cfc9a-d8de-5123-a06b-c270f6e6fc89'::uuid, 'a99dfe68-4af0-506f-ae4e-c86cd2ea759a'::uuid, 'f0c7cbfc-2250-5e4b-93de-a6c061855dbf'::uuid, 'B', 'eb7c869b-e61c-5010-b40d-99ad0b685b72'::uuid),
  ('55b81414-904d-55d4-8968-e56376d336e7'::uuid, '7f74afc5-4625-57f7-90d9-70615c3b5765'::uuid, '171b2136-e851-51a3-b6ac-2f33895f6cb7'::uuid, 'A', '69a2178c-d31c-5ec6-bf0c-d240f2d48321'::uuid),
  ('214df605-5255-5811-b059-8699db8ea057'::uuid, '7f74afc5-4625-57f7-90d9-70615c3b5765'::uuid, '4084e67e-9798-54af-8532-a05d7cf1fa1c'::uuid, 'B', 'eb7c869b-e61c-5010-b40d-99ad0b685b72'::uuid),
  ('424d67aa-1062-58e6-877a-01562b1789e3'::uuid, '81b1abdd-9cfa-55e7-ba2c-15ff9579c5f7'::uuid, '1e0ee36f-2ae5-5a30-844c-cf159e753bb4'::uuid, 'A', '69a2178c-d31c-5ec6-bf0c-d240f2d48321'::uuid),
  ('ad90deac-be88-572b-abd0-faec8360952a'::uuid, '81b1abdd-9cfa-55e7-ba2c-15ff9579c5f7'::uuid, '220da543-58e1-5ffe-9fba-b78abc5bf951'::uuid, 'B', 'eb7c869b-e61c-5010-b40d-99ad0b685b72'::uuid),
  ('b1118073-6ff2-5494-ba83-1fef2eddd41c'::uuid, 'd373314d-2ee5-5f69-9550-979e11d2a9ad'::uuid, 'afeb444c-9d3e-5129-8406-b6e43a17a88d'::uuid, 'A', '69a2178c-d31c-5ec6-bf0c-d240f2d48321'::uuid),
  ('1068037f-d6d0-55a5-bd71-4645e26e5c52'::uuid, 'd373314d-2ee5-5f69-9550-979e11d2a9ad'::uuid, 'c9df655c-1617-56e1-8a27-b522f0eec157'::uuid, 'B', 'eb7c869b-e61c-5010-b40d-99ad0b685b72'::uuid),
  ('c47c479e-18d0-5f7d-907f-7dbcf91c8a7d'::uuid, '243d393b-d1d0-51b3-ad37-5e0c43792230'::uuid, '4ea2e495-4bab-51b6-9421-940ca7991690'::uuid, 'A', '69a2178c-d31c-5ec6-bf0c-d240f2d48321'::uuid),
  ('095edc2a-15ba-51f2-bca2-4d9bc8a2c151'::uuid, '243d393b-d1d0-51b3-ad37-5e0c43792230'::uuid, '45ce590d-fe6c-5971-abcb-c09090cba52b'::uuid, 'B', 'eb7c869b-e61c-5010-b40d-99ad0b685b72'::uuid),
  ('c29bc661-8155-53f1-8630-d816394ba843'::uuid, '00245a2a-d703-5d13-963c-8b5d1698c63d'::uuid, 'c599cc70-a11c-541f-ad67-47267f7e01f8'::uuid, 'A', '69a2178c-d31c-5ec6-bf0c-d240f2d48321'::uuid),
  ('52429ea1-9b72-505d-82b9-69d11747ddb2'::uuid, '00245a2a-d703-5d13-963c-8b5d1698c63d'::uuid, 'e37c689d-b31a-54a2-b766-67458f11e693'::uuid, 'B', 'eb7c869b-e61c-5010-b40d-99ad0b685b72'::uuid),
  ('6cf8f129-1ad4-506d-a799-27fe99f3dbe7'::uuid, '26425d1d-fcf8-52aa-a515-f2b0329d9358'::uuid, '4ea2e495-4bab-51b6-9421-940ca7991690'::uuid, 'A', '69a2178c-d31c-5ec6-bf0c-d240f2d48321'::uuid),
  ('252dbad4-0e91-5474-9364-9d733fb68747'::uuid, '26425d1d-fcf8-52aa-a515-f2b0329d9358'::uuid, '5571b0f4-1db8-5bb6-b32d-cbf24743cb8e'::uuid, 'A', '69a2178c-d31c-5ec6-bf0c-d240f2d48321'::uuid),
  ('59005655-fe58-5441-a8a4-3c4991510c9b'::uuid, '26425d1d-fcf8-52aa-a515-f2b0329d9358'::uuid, 'feedad5f-6aaa-5d87-adae-82dba0cc924a'::uuid, 'B', 'eb7c869b-e61c-5010-b40d-99ad0b685b72'::uuid),
  ('dca555de-605f-5449-a8b9-b8f0e1f9115e'::uuid, '26425d1d-fcf8-52aa-a515-f2b0329d9358'::uuid, '5fae53ee-8420-5573-832e-aa19fcdfb10d'::uuid, 'B', 'eb7c869b-e61c-5010-b40d-99ad0b685b72'::uuid),
  ('ed286671-857f-5a33-a5b5-69e7753dfcbb'::uuid, '8eb92b3b-7d70-5b9f-a92a-61101445e2bf'::uuid, '0a3d9721-e3d8-5d52-b687-fab4b2ad5c5b'::uuid, 'A', '69a2178c-d31c-5ec6-bf0c-d240f2d48321'::uuid),
  ('a7ef8cf3-d859-58ac-8ae7-2bf1603ca2d5'::uuid, '8eb92b3b-7d70-5b9f-a92a-61101445e2bf'::uuid, '3aa4e93a-a904-5fc8-a6e0-022f2c31d696'::uuid, 'A', '69a2178c-d31c-5ec6-bf0c-d240f2d48321'::uuid),
  ('3bb38760-df53-582e-90e1-1d067e5b1396'::uuid, '8eb92b3b-7d70-5b9f-a92a-61101445e2bf'::uuid, '220da543-58e1-5ffe-9fba-b78abc5bf951'::uuid, 'B', 'eb7c869b-e61c-5010-b40d-99ad0b685b72'::uuid),
  ('6366bb0a-a7e6-5d1a-b943-a5b952f8d75b'::uuid, '8eb92b3b-7d70-5b9f-a92a-61101445e2bf'::uuid, 'c9df655c-1617-56e1-8a27-b522f0eec157'::uuid, 'B', 'eb7c869b-e61c-5010-b40d-99ad0b685b72'::uuid),
  ('b5d1cc46-6a7d-57ba-9720-9c25121a4521'::uuid, 'f2753ba4-5ec9-52c9-8857-15bc0363dc3f'::uuid, '171b2136-e851-51a3-b6ac-2f33895f6cb7'::uuid, 'A', '69a2178c-d31c-5ec6-bf0c-d240f2d48321'::uuid),
  ('2e51aee2-4a78-58b6-9c46-894d3b6bfda4'::uuid, 'f2753ba4-5ec9-52c9-8857-15bc0363dc3f'::uuid, '1e0ee36f-2ae5-5a30-844c-cf159e753bb4'::uuid, 'A', '69a2178c-d31c-5ec6-bf0c-d240f2d48321'::uuid),
  ('ecc2d3ed-11fa-55c2-98cc-a5768ba27b01'::uuid, 'f2753ba4-5ec9-52c9-8857-15bc0363dc3f'::uuid, 'e37c689d-b31a-54a2-b766-67458f11e693'::uuid, 'B', 'eb7c869b-e61c-5010-b40d-99ad0b685b72'::uuid),
  ('8150b674-5bad-5713-80b0-1db7ea2afe91'::uuid, 'f2753ba4-5ec9-52c9-8857-15bc0363dc3f'::uuid, '4c13c601-1986-5b72-8c75-1a442a2d8bf8'::uuid, 'B', 'eb7c869b-e61c-5010-b40d-99ad0b685b72'::uuid),
  ('95a91943-87ac-5097-a1a9-6d4ddc57d356'::uuid, '8e5e939d-0cb8-563c-ad70-b88714ff0ee4'::uuid, 'c599cc70-a11c-541f-ad67-47267f7e01f8'::uuid, 'A', '69a2178c-d31c-5ec6-bf0c-d240f2d48321'::uuid),
  ('00f4dc66-8827-5499-93f0-300fd8b61ee6'::uuid, '8e5e939d-0cb8-563c-ad70-b88714ff0ee4'::uuid, 'afeb444c-9d3e-5129-8406-b6e43a17a88d'::uuid, 'A', '69a2178c-d31c-5ec6-bf0c-d240f2d48321'::uuid),
  ('5596cb68-e217-52c3-b24e-28c361187a10'::uuid, '8e5e939d-0cb8-563c-ad70-b88714ff0ee4'::uuid, '4084e67e-9798-54af-8532-a05d7cf1fa1c'::uuid, 'B', 'eb7c869b-e61c-5010-b40d-99ad0b685b72'::uuid),
  ('2f2386a1-2e0c-5004-bb68-a5f11b586b3a'::uuid, '8e5e939d-0cb8-563c-ad70-b88714ff0ee4'::uuid, '5b2a4c4e-264a-5bf9-a2b3-2b2ed797d456'::uuid, 'B', 'eb7c869b-e61c-5010-b40d-99ad0b685b72'::uuid),
  ('bb97af56-9cdb-5fb2-bd92-79e30ed689e3'::uuid, '700e469d-24c4-5c49-8c3a-58290fe42fdd'::uuid, 'a31bb001-bddb-5c5a-b74d-16dc5cfa49a3'::uuid, 'A', '69a2178c-d31c-5ec6-bf0c-d240f2d48321'::uuid),
  ('5bf22b55-cf43-5212-88e7-eefb3bbfd438'::uuid, '700e469d-24c4-5c49-8c3a-58290fe42fdd'::uuid, '519aa4d2-3603-5dfb-8004-12236d3922a6'::uuid, 'A', '69a2178c-d31c-5ec6-bf0c-d240f2d48321'::uuid),
  ('5bb8be1f-0451-58e5-87af-c888c8d58339'::uuid, '700e469d-24c4-5c49-8c3a-58290fe42fdd'::uuid, 'f0c7cbfc-2250-5e4b-93de-a6c061855dbf'::uuid, 'B', 'eb7c869b-e61c-5010-b40d-99ad0b685b72'::uuid),
  ('0cdc7f5e-494d-55c0-8716-3b6f7b7e615a'::uuid, '700e469d-24c4-5c49-8c3a-58290fe42fdd'::uuid, '45ce590d-fe6c-5971-abcb-c09090cba52b'::uuid, 'B', 'eb7c869b-e61c-5010-b40d-99ad0b685b72'::uuid)
on conflict (id) do nothing;

insert into player_match_results (id, tour_id, round_id, match_id, player_id, team_id, format, result, points_for, points_against) values
  ('15b3d489-0218-51ee-88a5-cf8ba60ec4e8'::uuid, 'e8c99a70-6f18-5776-a38e-77a2ccb0fbc4'::uuid, '00792866-00ae-5887-b6b9-8c450c9883f3'::uuid, '064063cb-fdd7-558c-9f3a-2dc8647698c1'::uuid, '220da543-58e1-5ffe-9fba-b78abc5bf951'::uuid, '5f1670e9-fb4d-5d92-901f-cd6bed76d2b0'::uuid, 'better_ball', 'loss', 0, 1),
  ('2e9897bc-751f-5199-8cdf-b7e9b26a3aa6'::uuid, 'e8c99a70-6f18-5776-a38e-77a2ccb0fbc4'::uuid, '00792866-00ae-5887-b6b9-8c450c9883f3'::uuid, '064063cb-fdd7-558c-9f3a-2dc8647698c1'::uuid, '4c13c601-1986-5b72-8c75-1a442a2d8bf8'::uuid, '5f1670e9-fb4d-5d92-901f-cd6bed76d2b0'::uuid, 'better_ball', 'loss', 0, 1),
  ('841c2bf7-4b36-530a-9ac0-7ade07c2b10e'::uuid, 'e8c99a70-6f18-5776-a38e-77a2ccb0fbc4'::uuid, '00792866-00ae-5887-b6b9-8c450c9883f3'::uuid, '064063cb-fdd7-558c-9f3a-2dc8647698c1'::uuid, '45ce590d-fe6c-5971-abcb-c09090cba52b'::uuid, '47f68b69-cae8-5de8-83e3-a495719d1b9e'::uuid, 'better_ball', 'win', 1, 0),
  ('ecdc3847-642a-5769-93e6-9c75eebfb8af'::uuid, 'e8c99a70-6f18-5776-a38e-77a2ccb0fbc4'::uuid, '00792866-00ae-5887-b6b9-8c450c9883f3'::uuid, '064063cb-fdd7-558c-9f3a-2dc8647698c1'::uuid, '171b2136-e851-51a3-b6ac-2f33895f6cb7'::uuid, '47f68b69-cae8-5de8-83e3-a495719d1b9e'::uuid, 'better_ball', 'win', 1, 0),
  ('c26a1d91-3b4e-51de-9cbd-385018644fbb'::uuid, 'e8c99a70-6f18-5776-a38e-77a2ccb0fbc4'::uuid, '00792866-00ae-5887-b6b9-8c450c9883f3'::uuid, 'f750c2e4-852c-59a6-bad4-be27496c437d'::uuid, 'feedad5f-6aaa-5d87-adae-82dba0cc924a'::uuid, '5f1670e9-fb4d-5d92-901f-cd6bed76d2b0'::uuid, 'better_ball', 'loss', 0, 1),
  ('3365613f-cbaa-5c3e-ab9d-0dec4b9b5007'::uuid, 'e8c99a70-6f18-5776-a38e-77a2ccb0fbc4'::uuid, '00792866-00ae-5887-b6b9-8c450c9883f3'::uuid, 'f750c2e4-852c-59a6-bad4-be27496c437d'::uuid, 'add47b5e-6f6a-5c49-b2d3-15dd8cfd84e1'::uuid, '5f1670e9-fb4d-5d92-901f-cd6bed76d2b0'::uuid, 'better_ball', 'loss', 0, 1),
  ('e9fa6852-3f7a-5cdd-9127-5114e48b7ac4'::uuid, 'e8c99a70-6f18-5776-a38e-77a2ccb0fbc4'::uuid, '00792866-00ae-5887-b6b9-8c450c9883f3'::uuid, 'f750c2e4-852c-59a6-bad4-be27496c437d'::uuid, 'e471b9c7-e709-54da-8fb3-0116001a981a'::uuid, '47f68b69-cae8-5de8-83e3-a495719d1b9e'::uuid, 'better_ball', 'win', 1, 0),
  ('44bcedc4-9d40-53e9-a0f7-980a1d5592e5'::uuid, 'e8c99a70-6f18-5776-a38e-77a2ccb0fbc4'::uuid, '00792866-00ae-5887-b6b9-8c450c9883f3'::uuid, 'f750c2e4-852c-59a6-bad4-be27496c437d'::uuid, 'afeb444c-9d3e-5129-8406-b6e43a17a88d'::uuid, '47f68b69-cae8-5de8-83e3-a495719d1b9e'::uuid, 'better_ball', 'win', 1, 0),
  ('aaf91bad-43c2-5c43-9764-7fc014cad340'::uuid, 'e8c99a70-6f18-5776-a38e-77a2ccb0fbc4'::uuid, '00792866-00ae-5887-b6b9-8c450c9883f3'::uuid, 'c523e1fd-ef49-562e-941a-fefacdff0d95'::uuid, '852d919c-b3b1-5efc-b205-934771ca4599'::uuid, '5f1670e9-fb4d-5d92-901f-cd6bed76d2b0'::uuid, 'better_ball', 'loss', 0, 1),
  ('9a5106fb-c2a7-5301-943a-268174997c80'::uuid, 'e8c99a70-6f18-5776-a38e-77a2ccb0fbc4'::uuid, '00792866-00ae-5887-b6b9-8c450c9883f3'::uuid, 'c523e1fd-ef49-562e-941a-fefacdff0d95'::uuid, '5b2a4c4e-264a-5bf9-a2b3-2b2ed797d456'::uuid, '5f1670e9-fb4d-5d92-901f-cd6bed76d2b0'::uuid, 'better_ball', 'loss', 0, 1),
  ('dccde51c-1da1-5e72-86ab-1bdafbd333df'::uuid, 'e8c99a70-6f18-5776-a38e-77a2ccb0fbc4'::uuid, '00792866-00ae-5887-b6b9-8c450c9883f3'::uuid, 'c523e1fd-ef49-562e-941a-fefacdff0d95'::uuid, 'a31bb001-bddb-5c5a-b74d-16dc5cfa49a3'::uuid, '47f68b69-cae8-5de8-83e3-a495719d1b9e'::uuid, 'better_ball', 'win', 1, 0),
  ('f4a3cb61-737c-5f59-81a6-536fe626e7fe'::uuid, 'e8c99a70-6f18-5776-a38e-77a2ccb0fbc4'::uuid, '00792866-00ae-5887-b6b9-8c450c9883f3'::uuid, 'c523e1fd-ef49-562e-941a-fefacdff0d95'::uuid, '519aa4d2-3603-5dfb-8004-12236d3922a6'::uuid, '47f68b69-cae8-5de8-83e3-a495719d1b9e'::uuid, 'better_ball', 'win', 1, 0),
  ('0c837e38-5892-5112-9b6f-abc239e40848'::uuid, 'e8c99a70-6f18-5776-a38e-77a2ccb0fbc4'::uuid, '00792866-00ae-5887-b6b9-8c450c9883f3'::uuid, 'cf85bf76-75ed-5cae-9f95-1b0a2eb0f2b0'::uuid, 'f0c7cbfc-2250-5e4b-93de-a6c061855dbf'::uuid, '5f1670e9-fb4d-5d92-901f-cd6bed76d2b0'::uuid, 'better_ball', 'win', 1, 0),
  ('7b3d2c6b-a784-5859-8591-0c435a60e987'::uuid, 'e8c99a70-6f18-5776-a38e-77a2ccb0fbc4'::uuid, '00792866-00ae-5887-b6b9-8c450c9883f3'::uuid, 'cf85bf76-75ed-5cae-9f95-1b0a2eb0f2b0'::uuid, '1e0ee36f-2ae5-5a30-844c-cf159e753bb4'::uuid, '5f1670e9-fb4d-5d92-901f-cd6bed76d2b0'::uuid, 'better_ball', 'win', 1, 0),
  ('61f93748-b88c-55f8-9546-d013e7ffb2f1'::uuid, 'e8c99a70-6f18-5776-a38e-77a2ccb0fbc4'::uuid, '00792866-00ae-5887-b6b9-8c450c9883f3'::uuid, 'cf85bf76-75ed-5cae-9f95-1b0a2eb0f2b0'::uuid, 'e37c689d-b31a-54a2-b766-67458f11e693'::uuid, '47f68b69-cae8-5de8-83e3-a495719d1b9e'::uuid, 'better_ball', 'loss', 0, 1),
  ('66778f5a-21ab-57c9-9bbd-202ec3c581c6'::uuid, 'e8c99a70-6f18-5776-a38e-77a2ccb0fbc4'::uuid, '00792866-00ae-5887-b6b9-8c450c9883f3'::uuid, 'cf85bf76-75ed-5cae-9f95-1b0a2eb0f2b0'::uuid, '0e01fd89-b73b-503f-95f5-cd92766be706'::uuid, '47f68b69-cae8-5de8-83e3-a495719d1b9e'::uuid, 'better_ball', 'loss', 0, 1),
  ('c7fce42e-74bc-5aa4-9852-30a3eaf9bf24'::uuid, 'e8c99a70-6f18-5776-a38e-77a2ccb0fbc4'::uuid, '00792866-00ae-5887-b6b9-8c450c9883f3'::uuid, 'a21d2ca0-93e7-5224-9637-31b39a0f2b99'::uuid, '5fae53ee-8420-5573-832e-aa19fcdfb10d'::uuid, '5f1670e9-fb4d-5d92-901f-cd6bed76d2b0'::uuid, 'better_ball', 'loss', 0, 1),
  ('8e71e932-3bc1-5d7c-8bc5-6ee7d42e12d2'::uuid, 'e8c99a70-6f18-5776-a38e-77a2ccb0fbc4'::uuid, '00792866-00ae-5887-b6b9-8c450c9883f3'::uuid, 'a21d2ca0-93e7-5224-9637-31b39a0f2b99'::uuid, 'b87dbf3e-cafa-5116-8ce6-975fe440be82'::uuid, '5f1670e9-fb4d-5d92-901f-cd6bed76d2b0'::uuid, 'better_ball', 'loss', 0, 1),
  ('a46d33f8-b983-5869-a28f-06ff275cda12'::uuid, 'e8c99a70-6f18-5776-a38e-77a2ccb0fbc4'::uuid, '00792866-00ae-5887-b6b9-8c450c9883f3'::uuid, 'a21d2ca0-93e7-5224-9637-31b39a0f2b99'::uuid, '5571b0f4-1db8-5bb6-b32d-cbf24743cb8e'::uuid, '47f68b69-cae8-5de8-83e3-a495719d1b9e'::uuid, 'better_ball', 'win', 1, 0),
  ('dbf63e5a-e281-55cd-96a1-0d2712c8a61f'::uuid, 'e8c99a70-6f18-5776-a38e-77a2ccb0fbc4'::uuid, '00792866-00ae-5887-b6b9-8c450c9883f3'::uuid, 'a21d2ca0-93e7-5224-9637-31b39a0f2b99'::uuid, '27bb7ccc-03ec-5db6-8e64-22237511355a'::uuid, '47f68b69-cae8-5de8-83e3-a495719d1b9e'::uuid, 'better_ball', 'win', 1, 0),
  ('fbbb4216-44cd-5590-9ff5-7ff6efb7cc6d'::uuid, 'e8c99a70-6f18-5776-a38e-77a2ccb0fbc4'::uuid, '00792866-00ae-5887-b6b9-8c450c9883f3'::uuid, '4ed22919-ab82-5c1f-be4b-eb9c6282e020'::uuid, 'c599cc70-a11c-541f-ad67-47267f7e01f8'::uuid, '5f1670e9-fb4d-5d92-901f-cd6bed76d2b0'::uuid, 'better_ball', 'win', 1, 0),
  ('0275c756-dade-5654-9e01-9ea8380b92b4'::uuid, 'e8c99a70-6f18-5776-a38e-77a2ccb0fbc4'::uuid, '00792866-00ae-5887-b6b9-8c450c9883f3'::uuid, '4ed22919-ab82-5c1f-be4b-eb9c6282e020'::uuid, '4ea2e495-4bab-51b6-9421-940ca7991690'::uuid, '5f1670e9-fb4d-5d92-901f-cd6bed76d2b0'::uuid, 'better_ball', 'win', 1, 0),
  ('cb8ce580-94d6-589a-97c5-4d78e4abae19'::uuid, 'e8c99a70-6f18-5776-a38e-77a2ccb0fbc4'::uuid, '00792866-00ae-5887-b6b9-8c450c9883f3'::uuid, '4ed22919-ab82-5c1f-be4b-eb9c6282e020'::uuid, '7a87a628-32c5-51f2-b10c-3cd4926d378f'::uuid, '47f68b69-cae8-5de8-83e3-a495719d1b9e'::uuid, 'better_ball', 'loss', 0, 1),
  ('2b87d168-7b16-5189-b13b-5b5e67715bd4'::uuid, 'e8c99a70-6f18-5776-a38e-77a2ccb0fbc4'::uuid, '00792866-00ae-5887-b6b9-8c450c9883f3'::uuid, '4ed22919-ab82-5c1f-be4b-eb9c6282e020'::uuid, 'af81165f-abf2-5fa1-a204-97456cea6331'::uuid, '47f68b69-cae8-5de8-83e3-a495719d1b9e'::uuid, 'better_ball', 'loss', 0, 1),
  ('c360f9b8-fc52-58f6-8f1e-390915d5fbe0'::uuid, 'e8c99a70-6f18-5776-a38e-77a2ccb0fbc4'::uuid, '23643e7a-f9f3-582b-8931-8ca844dd2c64'::uuid, 'b32813a4-8beb-538a-86b9-e4f7386933ad'::uuid, 'feedad5f-6aaa-5d87-adae-82dba0cc924a'::uuid, '5f1670e9-fb4d-5d92-901f-cd6bed76d2b0'::uuid, 'better_ball', 'win', 1, 0),
  ('c1a20305-241c-563d-9af4-f4e33d20b7f4'::uuid, 'e8c99a70-6f18-5776-a38e-77a2ccb0fbc4'::uuid, '23643e7a-f9f3-582b-8931-8ca844dd2c64'::uuid, 'b32813a4-8beb-538a-86b9-e4f7386933ad'::uuid, 'add47b5e-6f6a-5c49-b2d3-15dd8cfd84e1'::uuid, '5f1670e9-fb4d-5d92-901f-cd6bed76d2b0'::uuid, 'better_ball', 'win', 1, 0),
  ('c7892ebe-c40c-5c76-b9eb-6b23df5e2832'::uuid, 'e8c99a70-6f18-5776-a38e-77a2ccb0fbc4'::uuid, '23643e7a-f9f3-582b-8931-8ca844dd2c64'::uuid, 'b32813a4-8beb-538a-86b9-e4f7386933ad'::uuid, 'e471b9c7-e709-54da-8fb3-0116001a981a'::uuid, '47f68b69-cae8-5de8-83e3-a495719d1b9e'::uuid, 'better_ball', 'loss', 0, 1),
  ('b2f4baa5-297c-5590-87c2-dda7684053ba'::uuid, 'e8c99a70-6f18-5776-a38e-77a2ccb0fbc4'::uuid, '23643e7a-f9f3-582b-8931-8ca844dd2c64'::uuid, 'b32813a4-8beb-538a-86b9-e4f7386933ad'::uuid, '7a87a628-32c5-51f2-b10c-3cd4926d378f'::uuid, '47f68b69-cae8-5de8-83e3-a495719d1b9e'::uuid, 'better_ball', 'loss', 0, 1),
  ('c07b08ce-b204-5552-ac88-ee1b6059e8d4'::uuid, 'e8c99a70-6f18-5776-a38e-77a2ccb0fbc4'::uuid, '23643e7a-f9f3-582b-8931-8ca844dd2c64'::uuid, '49922c47-95b3-5153-88b1-20dc8dbb4e6e'::uuid, '4ea2e495-4bab-51b6-9421-940ca7991690'::uuid, '5f1670e9-fb4d-5d92-901f-cd6bed76d2b0'::uuid, 'better_ball', 'win', 1, 0),
  ('43c120c9-d3b7-5621-bdfe-2af4302538d1'::uuid, 'e8c99a70-6f18-5776-a38e-77a2ccb0fbc4'::uuid, '23643e7a-f9f3-582b-8931-8ca844dd2c64'::uuid, '49922c47-95b3-5153-88b1-20dc8dbb4e6e'::uuid, '852d919c-b3b1-5efc-b205-934771ca4599'::uuid, '5f1670e9-fb4d-5d92-901f-cd6bed76d2b0'::uuid, 'better_ball', 'win', 1, 0),
  ('929c12f2-9ef9-52d0-a995-bcd0e88cb641'::uuid, 'e8c99a70-6f18-5776-a38e-77a2ccb0fbc4'::uuid, '23643e7a-f9f3-582b-8931-8ca844dd2c64'::uuid, '49922c47-95b3-5153-88b1-20dc8dbb4e6e'::uuid, '45ce590d-fe6c-5971-abcb-c09090cba52b'::uuid, '47f68b69-cae8-5de8-83e3-a495719d1b9e'::uuid, 'better_ball', 'loss', 0, 1),
  ('ecc68492-f171-55aa-bdae-c0b090e268f5'::uuid, 'e8c99a70-6f18-5776-a38e-77a2ccb0fbc4'::uuid, '23643e7a-f9f3-582b-8931-8ca844dd2c64'::uuid, '49922c47-95b3-5153-88b1-20dc8dbb4e6e'::uuid, 'afeb444c-9d3e-5129-8406-b6e43a17a88d'::uuid, '47f68b69-cae8-5de8-83e3-a495719d1b9e'::uuid, 'better_ball', 'loss', 0, 1),
  ('747588c6-bc28-5333-abe1-12376065d77e'::uuid, 'e8c99a70-6f18-5776-a38e-77a2ccb0fbc4'::uuid, '23643e7a-f9f3-582b-8931-8ca844dd2c64'::uuid, '11141433-8ea7-5952-89d1-d0f39fcbe145'::uuid, '5b2a4c4e-264a-5bf9-a2b3-2b2ed797d456'::uuid, '5f1670e9-fb4d-5d92-901f-cd6bed76d2b0'::uuid, 'better_ball', 'loss', 0, 1),
  ('5cc6048b-307c-5812-a46e-a158581076d3'::uuid, 'e8c99a70-6f18-5776-a38e-77a2ccb0fbc4'::uuid, '23643e7a-f9f3-582b-8931-8ca844dd2c64'::uuid, '11141433-8ea7-5952-89d1-d0f39fcbe145'::uuid, 'b87dbf3e-cafa-5116-8ce6-975fe440be82'::uuid, '5f1670e9-fb4d-5d92-901f-cd6bed76d2b0'::uuid, 'better_ball', 'loss', 0, 1),
  ('917050c4-d7da-5267-b132-1a4738ce48c4'::uuid, 'e8c99a70-6f18-5776-a38e-77a2ccb0fbc4'::uuid, '23643e7a-f9f3-582b-8931-8ca844dd2c64'::uuid, '11141433-8ea7-5952-89d1-d0f39fcbe145'::uuid, '5571b0f4-1db8-5bb6-b32d-cbf24743cb8e'::uuid, '47f68b69-cae8-5de8-83e3-a495719d1b9e'::uuid, 'better_ball', 'win', 1, 0),
  ('f86fc3d8-cf1c-51cd-b18e-9cfe17df79b0'::uuid, 'e8c99a70-6f18-5776-a38e-77a2ccb0fbc4'::uuid, '23643e7a-f9f3-582b-8931-8ca844dd2c64'::uuid, '11141433-8ea7-5952-89d1-d0f39fcbe145'::uuid, 'a31bb001-bddb-5c5a-b74d-16dc5cfa49a3'::uuid, '47f68b69-cae8-5de8-83e3-a495719d1b9e'::uuid, 'better_ball', 'win', 1, 0),
  ('5e61f0e7-41ab-5fad-a2d7-eea0a80f0e4c'::uuid, 'e8c99a70-6f18-5776-a38e-77a2ccb0fbc4'::uuid, '23643e7a-f9f3-582b-8931-8ca844dd2c64'::uuid, '3019113f-5dc0-5975-928d-bcb77edbc172'::uuid, '220da543-58e1-5ffe-9fba-b78abc5bf951'::uuid, '5f1670e9-fb4d-5d92-901f-cd6bed76d2b0'::uuid, 'better_ball', 'loss', 0, 1),
  ('2292877b-d020-5525-a940-619bdd6782e2'::uuid, 'e8c99a70-6f18-5776-a38e-77a2ccb0fbc4'::uuid, '23643e7a-f9f3-582b-8931-8ca844dd2c64'::uuid, '3019113f-5dc0-5975-928d-bcb77edbc172'::uuid, '5fae53ee-8420-5573-832e-aa19fcdfb10d'::uuid, '5f1670e9-fb4d-5d92-901f-cd6bed76d2b0'::uuid, 'better_ball', 'loss', 0, 1),
  ('03487c33-2825-55e5-afbd-815e60d3eeae'::uuid, 'e8c99a70-6f18-5776-a38e-77a2ccb0fbc4'::uuid, '23643e7a-f9f3-582b-8931-8ca844dd2c64'::uuid, '3019113f-5dc0-5975-928d-bcb77edbc172'::uuid, 'e37c689d-b31a-54a2-b766-67458f11e693'::uuid, '47f68b69-cae8-5de8-83e3-a495719d1b9e'::uuid, 'better_ball', 'win', 1, 0),
  ('335696fe-966d-509a-93fd-4b36d387e0ad'::uuid, 'e8c99a70-6f18-5776-a38e-77a2ccb0fbc4'::uuid, '23643e7a-f9f3-582b-8931-8ca844dd2c64'::uuid, '3019113f-5dc0-5975-928d-bcb77edbc172'::uuid, '27bb7ccc-03ec-5db6-8e64-22237511355a'::uuid, '47f68b69-cae8-5de8-83e3-a495719d1b9e'::uuid, 'better_ball', 'win', 1, 0),
  ('711482f6-ed27-5008-a1af-81ec8b162b1b'::uuid, 'e8c99a70-6f18-5776-a38e-77a2ccb0fbc4'::uuid, '23643e7a-f9f3-582b-8931-8ca844dd2c64'::uuid, '0d39267b-087a-52c8-b42d-483bc2e70f7a'::uuid, 'c599cc70-a11c-541f-ad67-47267f7e01f8'::uuid, '5f1670e9-fb4d-5d92-901f-cd6bed76d2b0'::uuid, 'better_ball', 'win', 1, 0),
  ('40615c66-e1f5-58c6-8c33-aa06d3f757f3'::uuid, 'e8c99a70-6f18-5776-a38e-77a2ccb0fbc4'::uuid, '23643e7a-f9f3-582b-8931-8ca844dd2c64'::uuid, '0d39267b-087a-52c8-b42d-483bc2e70f7a'::uuid, '1e0ee36f-2ae5-5a30-844c-cf159e753bb4'::uuid, '5f1670e9-fb4d-5d92-901f-cd6bed76d2b0'::uuid, 'better_ball', 'win', 1, 0),
  ('56943d7a-98d9-5288-b3b9-627fe18e8972'::uuid, 'e8c99a70-6f18-5776-a38e-77a2ccb0fbc4'::uuid, '23643e7a-f9f3-582b-8931-8ca844dd2c64'::uuid, '0d39267b-087a-52c8-b42d-483bc2e70f7a'::uuid, '171b2136-e851-51a3-b6ac-2f33895f6cb7'::uuid, '47f68b69-cae8-5de8-83e3-a495719d1b9e'::uuid, 'better_ball', 'loss', 0, 1),
  ('fa0f7b97-36e3-5185-a576-241f2edd5bf1'::uuid, 'e8c99a70-6f18-5776-a38e-77a2ccb0fbc4'::uuid, '23643e7a-f9f3-582b-8931-8ca844dd2c64'::uuid, '0d39267b-087a-52c8-b42d-483bc2e70f7a'::uuid, 'af81165f-abf2-5fa1-a204-97456cea6331'::uuid, '47f68b69-cae8-5de8-83e3-a495719d1b9e'::uuid, 'better_ball', 'loss', 0, 1),
  ('be50f4ed-e698-59bf-bf78-dee102627eab'::uuid, 'e8c99a70-6f18-5776-a38e-77a2ccb0fbc4'::uuid, '23643e7a-f9f3-582b-8931-8ca844dd2c64'::uuid, 'f0ede8c4-e748-5c9d-891e-a6b991f57270'::uuid, 'f0c7cbfc-2250-5e4b-93de-a6c061855dbf'::uuid, '5f1670e9-fb4d-5d92-901f-cd6bed76d2b0'::uuid, 'better_ball', 'win', 1, 0),
  ('bde4b00e-423a-5714-b1c9-e4003b4a67c1'::uuid, 'e8c99a70-6f18-5776-a38e-77a2ccb0fbc4'::uuid, '23643e7a-f9f3-582b-8931-8ca844dd2c64'::uuid, 'f0ede8c4-e748-5c9d-891e-a6b991f57270'::uuid, '4c13c601-1986-5b72-8c75-1a442a2d8bf8'::uuid, '5f1670e9-fb4d-5d92-901f-cd6bed76d2b0'::uuid, 'better_ball', 'win', 1, 0),
  ('da5b0c0a-80bb-5c88-9589-f6f341289bb1'::uuid, 'e8c99a70-6f18-5776-a38e-77a2ccb0fbc4'::uuid, '23643e7a-f9f3-582b-8931-8ca844dd2c64'::uuid, 'f0ede8c4-e748-5c9d-891e-a6b991f57270'::uuid, '519aa4d2-3603-5dfb-8004-12236d3922a6'::uuid, '47f68b69-cae8-5de8-83e3-a495719d1b9e'::uuid, 'better_ball', 'loss', 0, 1),
  ('6ed77c27-62b5-55c5-829d-092870bfc7b7'::uuid, 'e8c99a70-6f18-5776-a38e-77a2ccb0fbc4'::uuid, '23643e7a-f9f3-582b-8931-8ca844dd2c64'::uuid, 'f0ede8c4-e748-5c9d-891e-a6b991f57270'::uuid, '0e01fd89-b73b-503f-95f5-cd92766be706'::uuid, '47f68b69-cae8-5de8-83e3-a495719d1b9e'::uuid, 'better_ball', 'loss', 0, 1),
  ('ec263222-8860-5148-8f1e-c044f8625f02'::uuid, 'e8c99a70-6f18-5776-a38e-77a2ccb0fbc4'::uuid, '3cea475c-2812-5895-aba4-b08c42d56ce4'::uuid, '8937a4d7-f113-5ef8-b92d-d7881e9c2080'::uuid, '4ea2e495-4bab-51b6-9421-940ca7991690'::uuid, '5f1670e9-fb4d-5d92-901f-cd6bed76d2b0'::uuid, 'singles', 'win', 1, 0),
  ('47186b5e-42b2-522f-ba1d-a95055a8d19d'::uuid, 'e8c99a70-6f18-5776-a38e-77a2ccb0fbc4'::uuid, '3cea475c-2812-5895-aba4-b08c42d56ce4'::uuid, '8937a4d7-f113-5ef8-b92d-d7881e9c2080'::uuid, 'a31bb001-bddb-5c5a-b74d-16dc5cfa49a3'::uuid, '47f68b69-cae8-5de8-83e3-a495719d1b9e'::uuid, 'singles', 'loss', 0, 1),
  ('a124b54e-a227-5c36-8a26-2d14ed9cfa0b'::uuid, 'e8c99a70-6f18-5776-a38e-77a2ccb0fbc4'::uuid, '3cea475c-2812-5895-aba4-b08c42d56ce4'::uuid, 'b688ab1f-d19f-5536-9005-4eea71ec82f5'::uuid, '4c13c601-1986-5b72-8c75-1a442a2d8bf8'::uuid, '5f1670e9-fb4d-5d92-901f-cd6bed76d2b0'::uuid, 'singles', 'win', 1, 0),
  ('eb7e77de-19e8-58d8-9fff-7e3fa4a7429a'::uuid, 'e8c99a70-6f18-5776-a38e-77a2ccb0fbc4'::uuid, '3cea475c-2812-5895-aba4-b08c42d56ce4'::uuid, 'b688ab1f-d19f-5536-9005-4eea71ec82f5'::uuid, 'af81165f-abf2-5fa1-a204-97456cea6331'::uuid, '47f68b69-cae8-5de8-83e3-a495719d1b9e'::uuid, 'singles', 'loss', 0, 1),
  ('31fde4ec-36de-5611-861d-18f229411209'::uuid, 'e8c99a70-6f18-5776-a38e-77a2ccb0fbc4'::uuid, '3cea475c-2812-5895-aba4-b08c42d56ce4'::uuid, 'ccb4c915-1002-5ce6-b907-6e9ab52d134e'::uuid, 'feedad5f-6aaa-5d87-adae-82dba0cc924a'::uuid, '5f1670e9-fb4d-5d92-901f-cd6bed76d2b0'::uuid, 'singles', 'win', 1, 0),
  ('6f59815b-3342-591c-978c-41a45708bde3'::uuid, 'e8c99a70-6f18-5776-a38e-77a2ccb0fbc4'::uuid, '3cea475c-2812-5895-aba4-b08c42d56ce4'::uuid, 'ccb4c915-1002-5ce6-b907-6e9ab52d134e'::uuid, '45ce590d-fe6c-5971-abcb-c09090cba52b'::uuid, '47f68b69-cae8-5de8-83e3-a495719d1b9e'::uuid, 'singles', 'loss', 0, 1),
  ('75654fe6-794b-54d7-b908-d83372ab8b71'::uuid, 'e8c99a70-6f18-5776-a38e-77a2ccb0fbc4'::uuid, '3cea475c-2812-5895-aba4-b08c42d56ce4'::uuid, 'df800b9b-2646-5d4a-bc4a-16ef42a5a1af'::uuid, '5b2a4c4e-264a-5bf9-a2b3-2b2ed797d456'::uuid, '5f1670e9-fb4d-5d92-901f-cd6bed76d2b0'::uuid, 'singles', 'loss', 0, 1),
  ('c3323805-8026-5fc4-aafb-3f0fa8aa5d09'::uuid, 'e8c99a70-6f18-5776-a38e-77a2ccb0fbc4'::uuid, '3cea475c-2812-5895-aba4-b08c42d56ce4'::uuid, 'df800b9b-2646-5d4a-bc4a-16ef42a5a1af'::uuid, '27bb7ccc-03ec-5db6-8e64-22237511355a'::uuid, '47f68b69-cae8-5de8-83e3-a495719d1b9e'::uuid, 'singles', 'win', 1, 0),
  ('71299f2d-efea-5ca9-96a7-3ef9e6995ce2'::uuid, 'e8c99a70-6f18-5776-a38e-77a2ccb0fbc4'::uuid, '3cea475c-2812-5895-aba4-b08c42d56ce4'::uuid, 'dda11c9c-501d-5ca7-94ee-ffb70d735890'::uuid, '1e0ee36f-2ae5-5a30-844c-cf159e753bb4'::uuid, '5f1670e9-fb4d-5d92-901f-cd6bed76d2b0'::uuid, 'singles', 'loss', 0, 1),
  ('61f99672-1300-5404-964b-9b1b5f8ac622'::uuid, 'e8c99a70-6f18-5776-a38e-77a2ccb0fbc4'::uuid, '3cea475c-2812-5895-aba4-b08c42d56ce4'::uuid, 'dda11c9c-501d-5ca7-94ee-ffb70d735890'::uuid, '519aa4d2-3603-5dfb-8004-12236d3922a6'::uuid, '47f68b69-cae8-5de8-83e3-a495719d1b9e'::uuid, 'singles', 'win', 1, 0),
  ('e1ed9897-e71d-5026-8cfb-b00a31b5eac3'::uuid, 'e8c99a70-6f18-5776-a38e-77a2ccb0fbc4'::uuid, '3cea475c-2812-5895-aba4-b08c42d56ce4'::uuid, '6f9f4339-e7b2-5595-acfd-2f8af84d3b7f'::uuid, 'f0c7cbfc-2250-5e4b-93de-a6c061855dbf'::uuid, '5f1670e9-fb4d-5d92-901f-cd6bed76d2b0'::uuid, 'singles', 'loss', 0, 1),
  ('12527e29-79c9-57cc-aa78-84b4a33b79fb'::uuid, 'e8c99a70-6f18-5776-a38e-77a2ccb0fbc4'::uuid, '3cea475c-2812-5895-aba4-b08c42d56ce4'::uuid, '6f9f4339-e7b2-5595-acfd-2f8af84d3b7f'::uuid, 'e471b9c7-e709-54da-8fb3-0116001a981a'::uuid, '47f68b69-cae8-5de8-83e3-a495719d1b9e'::uuid, 'singles', 'win', 1, 0),
  ('655ba47b-ddd3-552c-8419-2e234b656453'::uuid, 'e8c99a70-6f18-5776-a38e-77a2ccb0fbc4'::uuid, '3cea475c-2812-5895-aba4-b08c42d56ce4'::uuid, '43f15944-db33-5cdf-80e5-83e0d7e361a7'::uuid, '220da543-58e1-5ffe-9fba-b78abc5bf951'::uuid, '5f1670e9-fb4d-5d92-901f-cd6bed76d2b0'::uuid, 'singles', 'win', 1, 0),
  ('517c8a36-1683-5a62-b429-046c7cbec08b'::uuid, 'e8c99a70-6f18-5776-a38e-77a2ccb0fbc4'::uuid, '3cea475c-2812-5895-aba4-b08c42d56ce4'::uuid, '43f15944-db33-5cdf-80e5-83e0d7e361a7'::uuid, '5571b0f4-1db8-5bb6-b32d-cbf24743cb8e'::uuid, '47f68b69-cae8-5de8-83e3-a495719d1b9e'::uuid, 'singles', 'loss', 0, 1),
  ('62ea9beb-a614-53a1-ae7a-acf1973a5da7'::uuid, 'e8c99a70-6f18-5776-a38e-77a2ccb0fbc4'::uuid, '3cea475c-2812-5895-aba4-b08c42d56ce4'::uuid, '43440f48-00ea-5d0c-9b03-20ead8a5311b'::uuid, 'b87dbf3e-cafa-5116-8ce6-975fe440be82'::uuid, '5f1670e9-fb4d-5d92-901f-cd6bed76d2b0'::uuid, 'singles', 'win', 1, 0),
  ('45306a31-812a-5559-aa34-89bc8edfaba0'::uuid, 'e8c99a70-6f18-5776-a38e-77a2ccb0fbc4'::uuid, '3cea475c-2812-5895-aba4-b08c42d56ce4'::uuid, '43440f48-00ea-5d0c-9b03-20ead8a5311b'::uuid, 'e37c689d-b31a-54a2-b766-67458f11e693'::uuid, '47f68b69-cae8-5de8-83e3-a495719d1b9e'::uuid, 'singles', 'loss', 0, 1),
  ('0c9bc8ec-4bbf-5d2d-953b-bc059fa62fe7'::uuid, 'e8c99a70-6f18-5776-a38e-77a2ccb0fbc4'::uuid, '3cea475c-2812-5895-aba4-b08c42d56ce4'::uuid, '12daddb7-2851-5fc1-a58e-a4e760078ca0'::uuid, '852d919c-b3b1-5efc-b205-934771ca4599'::uuid, '5f1670e9-fb4d-5d92-901f-cd6bed76d2b0'::uuid, 'singles', 'win', 1, 0),
  ('ec2e326f-9c6a-596e-8e1b-3ea43b6d4c48'::uuid, 'e8c99a70-6f18-5776-a38e-77a2ccb0fbc4'::uuid, '3cea475c-2812-5895-aba4-b08c42d56ce4'::uuid, '12daddb7-2851-5fc1-a58e-a4e760078ca0'::uuid, '7a87a628-32c5-51f2-b10c-3cd4926d378f'::uuid, '47f68b69-cae8-5de8-83e3-a495719d1b9e'::uuid, 'singles', 'loss', 0, 1),
  ('4c7fd021-37e6-5514-9e9f-aee6c0ddb3e0'::uuid, 'e8c99a70-6f18-5776-a38e-77a2ccb0fbc4'::uuid, '3cea475c-2812-5895-aba4-b08c42d56ce4'::uuid, '1d7870c2-3c10-54b4-a4dd-41f95bac8df5'::uuid, '5fae53ee-8420-5573-832e-aa19fcdfb10d'::uuid, '5f1670e9-fb4d-5d92-901f-cd6bed76d2b0'::uuid, 'singles', 'draw', 0.5, 0.5),
  ('ad389d7a-ed04-56a6-be79-b9fa0b9efac4'::uuid, 'e8c99a70-6f18-5776-a38e-77a2ccb0fbc4'::uuid, '3cea475c-2812-5895-aba4-b08c42d56ce4'::uuid, '1d7870c2-3c10-54b4-a4dd-41f95bac8df5'::uuid, 'afeb444c-9d3e-5129-8406-b6e43a17a88d'::uuid, '47f68b69-cae8-5de8-83e3-a495719d1b9e'::uuid, 'singles', 'draw', 0.5, 0.5),
  ('e9cc89b7-b6b0-5b34-9f10-7dde580045c5'::uuid, 'e8c99a70-6f18-5776-a38e-77a2ccb0fbc4'::uuid, '3cea475c-2812-5895-aba4-b08c42d56ce4'::uuid, '82cfc5ed-0a8f-5b4a-8f1c-6ca788b560ee'::uuid, 'c599cc70-a11c-541f-ad67-47267f7e01f8'::uuid, '5f1670e9-fb4d-5d92-901f-cd6bed76d2b0'::uuid, 'singles', 'loss', 0, 1),
  ('a73e4e43-cf16-58f7-a221-500613cc7914'::uuid, 'e8c99a70-6f18-5776-a38e-77a2ccb0fbc4'::uuid, '3cea475c-2812-5895-aba4-b08c42d56ce4'::uuid, '82cfc5ed-0a8f-5b4a-8f1c-6ca788b560ee'::uuid, '171b2136-e851-51a3-b6ac-2f33895f6cb7'::uuid, '47f68b69-cae8-5de8-83e3-a495719d1b9e'::uuid, 'singles', 'win', 1, 0),
  ('f7654f84-7e7b-535f-b488-90f5a793141f'::uuid, 'e8c99a70-6f18-5776-a38e-77a2ccb0fbc4'::uuid, '3cea475c-2812-5895-aba4-b08c42d56ce4'::uuid, '3c23afa8-3231-5444-8cc5-ee5ea7014957'::uuid, 'add47b5e-6f6a-5c49-b2d3-15dd8cfd84e1'::uuid, '5f1670e9-fb4d-5d92-901f-cd6bed76d2b0'::uuid, 'singles', 'win', 1, 0),
  ('3c5939bb-7f51-52f0-adef-a99bf68c9eec'::uuid, 'e8c99a70-6f18-5776-a38e-77a2ccb0fbc4'::uuid, '3cea475c-2812-5895-aba4-b08c42d56ce4'::uuid, '3c23afa8-3231-5444-8cc5-ee5ea7014957'::uuid, '0e01fd89-b73b-503f-95f5-cd92766be706'::uuid, '47f68b69-cae8-5de8-83e3-a495719d1b9e'::uuid, 'singles', 'loss', 0, 1),
  ('204f549b-b600-5c63-86fc-bafe616298b1'::uuid, '095680d9-4107-5a14-8fa1-5f1417c33261'::uuid, '6890ad4f-3950-5e2b-8c53-6dba11393f86'::uuid, '41fa1229-f0f1-5383-b4ab-59122000a4b7'::uuid, '1e0ee36f-2ae5-5a30-844c-cf159e753bb4'::uuid, '0e0b8106-cab4-5c93-8cd8-22d2fd68ec77'::uuid, 'better_ball', 'loss', 0, 1),
  ('0c620f44-e409-5b56-95b0-5292621c2da5'::uuid, '095680d9-4107-5a14-8fa1-5f1417c33261'::uuid, '6890ad4f-3950-5e2b-8c53-6dba11393f86'::uuid, '41fa1229-f0f1-5383-b4ab-59122000a4b7'::uuid, 'f0c7cbfc-2250-5e4b-93de-a6c061855dbf'::uuid, '0e0b8106-cab4-5c93-8cd8-22d2fd68ec77'::uuid, 'better_ball', 'loss', 0, 1),
  ('5fab29be-8807-55ad-a924-9de084ff4d3c'::uuid, '095680d9-4107-5a14-8fa1-5f1417c33261'::uuid, '6890ad4f-3950-5e2b-8c53-6dba11393f86'::uuid, '41fa1229-f0f1-5383-b4ab-59122000a4b7'::uuid, 'e471b9c7-e709-54da-8fb3-0116001a981a'::uuid, '0ce46b34-6473-5adf-907b-a476f74123e1'::uuid, 'better_ball', 'win', 1, 0),
  ('5a26e4de-df6d-51b4-9ef8-5fc6d4a020ed'::uuid, '095680d9-4107-5a14-8fa1-5f1417c33261'::uuid, '6890ad4f-3950-5e2b-8c53-6dba11393f86'::uuid, '41fa1229-f0f1-5383-b4ab-59122000a4b7'::uuid, 'c599cc70-a11c-541f-ad67-47267f7e01f8'::uuid, '0ce46b34-6473-5adf-907b-a476f74123e1'::uuid, 'better_ball', 'win', 1, 0),
  ('38e4cd69-71fc-51b5-bc6d-c9ede0d6ea6b'::uuid, '095680d9-4107-5a14-8fa1-5f1417c33261'::uuid, '6890ad4f-3950-5e2b-8c53-6dba11393f86'::uuid, '7dc6fc87-8055-57a6-9431-cdb1a38d16db'::uuid, 'a31bb001-bddb-5c5a-b74d-16dc5cfa49a3'::uuid, '0e0b8106-cab4-5c93-8cd8-22d2fd68ec77'::uuid, 'better_ball', 'loss', 0, 1),
  ('36ea8a90-ce32-596c-bba9-07a6525a75fa'::uuid, '095680d9-4107-5a14-8fa1-5f1417c33261'::uuid, '6890ad4f-3950-5e2b-8c53-6dba11393f86'::uuid, '7dc6fc87-8055-57a6-9431-cdb1a38d16db'::uuid, '171b2136-e851-51a3-b6ac-2f33895f6cb7'::uuid, '0e0b8106-cab4-5c93-8cd8-22d2fd68ec77'::uuid, 'better_ball', 'loss', 0, 1),
  ('054695f5-479e-5ea3-abdb-30f4840faa9f'::uuid, '095680d9-4107-5a14-8fa1-5f1417c33261'::uuid, '6890ad4f-3950-5e2b-8c53-6dba11393f86'::uuid, '7dc6fc87-8055-57a6-9431-cdb1a38d16db'::uuid, 'af81165f-abf2-5fa1-a204-97456cea6331'::uuid, '0ce46b34-6473-5adf-907b-a476f74123e1'::uuid, 'better_ball', 'win', 1, 0),
  ('e2ccf128-5aef-5472-86f4-e3884f99a336'::uuid, '095680d9-4107-5a14-8fa1-5f1417c33261'::uuid, '6890ad4f-3950-5e2b-8c53-6dba11393f86'::uuid, '7dc6fc87-8055-57a6-9431-cdb1a38d16db'::uuid, 'afeb444c-9d3e-5129-8406-b6e43a17a88d'::uuid, '0ce46b34-6473-5adf-907b-a476f74123e1'::uuid, 'better_ball', 'win', 1, 0),
  ('4426ba10-3419-575f-9f55-ed4cc7404ea6'::uuid, '095680d9-4107-5a14-8fa1-5f1417c33261'::uuid, '6890ad4f-3950-5e2b-8c53-6dba11393f86'::uuid, 'dd36166e-7609-53a6-b54c-5b769c7b0311'::uuid, '27bb7ccc-03ec-5db6-8e64-22237511355a'::uuid, '0e0b8106-cab4-5c93-8cd8-22d2fd68ec77'::uuid, 'better_ball', 'loss', 0, 1),
  ('3da87e17-e1ed-560a-b194-dab6ce161eb4'::uuid, '095680d9-4107-5a14-8fa1-5f1417c33261'::uuid, '6890ad4f-3950-5e2b-8c53-6dba11393f86'::uuid, 'dd36166e-7609-53a6-b54c-5b769c7b0311'::uuid, '519aa4d2-3603-5dfb-8004-12236d3922a6'::uuid, '0e0b8106-cab4-5c93-8cd8-22d2fd68ec77'::uuid, 'better_ball', 'loss', 0, 1),
  ('a7d75f8e-c668-5876-89d2-7edda115df5b'::uuid, '095680d9-4107-5a14-8fa1-5f1417c33261'::uuid, '6890ad4f-3950-5e2b-8c53-6dba11393f86'::uuid, 'dd36166e-7609-53a6-b54c-5b769c7b0311'::uuid, '220da543-58e1-5ffe-9fba-b78abc5bf951'::uuid, '0ce46b34-6473-5adf-907b-a476f74123e1'::uuid, 'better_ball', 'win', 1, 0),
  ('90852044-ef19-546f-8c64-bd670b21398a'::uuid, '095680d9-4107-5a14-8fa1-5f1417c33261'::uuid, '6890ad4f-3950-5e2b-8c53-6dba11393f86'::uuid, 'dd36166e-7609-53a6-b54c-5b769c7b0311'::uuid, 'a9838793-4f23-57da-b044-7d7e2e50f9ca'::uuid, '0ce46b34-6473-5adf-907b-a476f74123e1'::uuid, 'better_ball', 'win', 1, 0),
  ('72e5a317-d7b8-5a8e-ac32-e244afba0c4c'::uuid, '095680d9-4107-5a14-8fa1-5f1417c33261'::uuid, '6890ad4f-3950-5e2b-8c53-6dba11393f86'::uuid, 'ec75fa49-103b-5da0-b0b7-a75bc26b6421'::uuid, '4c13c601-1986-5b72-8c75-1a442a2d8bf8'::uuid, '0e0b8106-cab4-5c93-8cd8-22d2fd68ec77'::uuid, 'better_ball', 'win', 1, 0),
  ('884f76c7-2d25-5cc2-a1f6-15ccb15cac85'::uuid, '095680d9-4107-5a14-8fa1-5f1417c33261'::uuid, '6890ad4f-3950-5e2b-8c53-6dba11393f86'::uuid, 'ec75fa49-103b-5da0-b0b7-a75bc26b6421'::uuid, 'e37c689d-b31a-54a2-b766-67458f11e693'::uuid, '0e0b8106-cab4-5c93-8cd8-22d2fd68ec77'::uuid, 'better_ball', 'win', 1, 0),
  ('05ab6d59-df37-5d5a-80ad-eecfaf802432'::uuid, '095680d9-4107-5a14-8fa1-5f1417c33261'::uuid, '6890ad4f-3950-5e2b-8c53-6dba11393f86'::uuid, 'ec75fa49-103b-5da0-b0b7-a75bc26b6421'::uuid, 'feedad5f-6aaa-5d87-adae-82dba0cc924a'::uuid, '0ce46b34-6473-5adf-907b-a476f74123e1'::uuid, 'better_ball', 'loss', 0, 1),
  ('fd1814b2-ba50-5ed5-bc34-2bca910b5a6e'::uuid, '095680d9-4107-5a14-8fa1-5f1417c33261'::uuid, '6890ad4f-3950-5e2b-8c53-6dba11393f86'::uuid, 'ec75fa49-103b-5da0-b0b7-a75bc26b6421'::uuid, '5fae53ee-8420-5573-832e-aa19fcdfb10d'::uuid, '0ce46b34-6473-5adf-907b-a476f74123e1'::uuid, 'better_ball', 'loss', 0, 1),
  ('2c69ec34-be35-5d54-9ec5-34f6f70d9cf7'::uuid, '095680d9-4107-5a14-8fa1-5f1417c33261'::uuid, 'a1c6b1fe-019c-5cb1-a9bd-a49e4bf79b4d'::uuid, 'e9ee31d3-ceaa-5c1f-87ca-68855904e6f0'::uuid, '4c13c601-1986-5b72-8c75-1a442a2d8bf8'::uuid, '0e0b8106-cab4-5c93-8cd8-22d2fd68ec77'::uuid, 'better_ball', 'win', 1, 0),
  ('77ffe131-a32f-5024-a960-366867f3c6a7'::uuid, '095680d9-4107-5a14-8fa1-5f1417c33261'::uuid, 'a1c6b1fe-019c-5cb1-a9bd-a49e4bf79b4d'::uuid, 'e9ee31d3-ceaa-5c1f-87ca-68855904e6f0'::uuid, 'f0c7cbfc-2250-5e4b-93de-a6c061855dbf'::uuid, '0e0b8106-cab4-5c93-8cd8-22d2fd68ec77'::uuid, 'better_ball', 'win', 1, 0),
  ('10f97cb9-bb56-5930-a75c-c253a912e533'::uuid, '095680d9-4107-5a14-8fa1-5f1417c33261'::uuid, 'a1c6b1fe-019c-5cb1-a9bd-a49e4bf79b4d'::uuid, 'e9ee31d3-ceaa-5c1f-87ca-68855904e6f0'::uuid, 'af81165f-abf2-5fa1-a204-97456cea6331'::uuid, '0ce46b34-6473-5adf-907b-a476f74123e1'::uuid, 'better_ball', 'loss', 0, 1),
  ('1fc2658f-a4e8-52d0-a413-1194d8cd53c5'::uuid, '095680d9-4107-5a14-8fa1-5f1417c33261'::uuid, 'a1c6b1fe-019c-5cb1-a9bd-a49e4bf79b4d'::uuid, 'e9ee31d3-ceaa-5c1f-87ca-68855904e6f0'::uuid, 'c599cc70-a11c-541f-ad67-47267f7e01f8'::uuid, '0ce46b34-6473-5adf-907b-a476f74123e1'::uuid, 'better_ball', 'loss', 0, 1),
  ('7a6a257b-28fe-5bfc-8eca-f77f7dae7879'::uuid, '095680d9-4107-5a14-8fa1-5f1417c33261'::uuid, 'a1c6b1fe-019c-5cb1-a9bd-a49e4bf79b4d'::uuid, '68ae26ee-3a27-5cc0-95e3-813ad896e1b9'::uuid, '1e0ee36f-2ae5-5a30-844c-cf159e753bb4'::uuid, '0e0b8106-cab4-5c93-8cd8-22d2fd68ec77'::uuid, 'better_ball', 'loss', 0, 1),
  ('5d5f5cfa-b54a-5bd8-879d-e989332f8f5e'::uuid, '095680d9-4107-5a14-8fa1-5f1417c33261'::uuid, 'a1c6b1fe-019c-5cb1-a9bd-a49e4bf79b4d'::uuid, '68ae26ee-3a27-5cc0-95e3-813ad896e1b9'::uuid, '519aa4d2-3603-5dfb-8004-12236d3922a6'::uuid, '0e0b8106-cab4-5c93-8cd8-22d2fd68ec77'::uuid, 'better_ball', 'loss', 0, 1),
  ('eae5aec7-0f76-55e9-bc52-1022ef2ce3cb'::uuid, '095680d9-4107-5a14-8fa1-5f1417c33261'::uuid, 'a1c6b1fe-019c-5cb1-a9bd-a49e4bf79b4d'::uuid, '68ae26ee-3a27-5cc0-95e3-813ad896e1b9'::uuid, 'a9838793-4f23-57da-b044-7d7e2e50f9ca'::uuid, '0ce46b34-6473-5adf-907b-a476f74123e1'::uuid, 'better_ball', 'win', 1, 0),
  ('abc9095c-4460-53d2-b668-cf358efd06c3'::uuid, '095680d9-4107-5a14-8fa1-5f1417c33261'::uuid, 'a1c6b1fe-019c-5cb1-a9bd-a49e4bf79b4d'::uuid, '68ae26ee-3a27-5cc0-95e3-813ad896e1b9'::uuid, 'feedad5f-6aaa-5d87-adae-82dba0cc924a'::uuid, '0ce46b34-6473-5adf-907b-a476f74123e1'::uuid, 'better_ball', 'win', 1, 0),
  ('28c268ca-fc73-5fd5-86bc-89bb11d8fc38'::uuid, '095680d9-4107-5a14-8fa1-5f1417c33261'::uuid, 'a1c6b1fe-019c-5cb1-a9bd-a49e4bf79b4d'::uuid, '10d042e6-38ff-5de3-9253-a3f52693b154'::uuid, '27bb7ccc-03ec-5db6-8e64-22237511355a'::uuid, '0e0b8106-cab4-5c93-8cd8-22d2fd68ec77'::uuid, 'better_ball', 'loss', 0, 1),
  ('04457a45-7e36-53c4-acb4-09fb3b0b68f5'::uuid, '095680d9-4107-5a14-8fa1-5f1417c33261'::uuid, 'a1c6b1fe-019c-5cb1-a9bd-a49e4bf79b4d'::uuid, '10d042e6-38ff-5de3-9253-a3f52693b154'::uuid, '171b2136-e851-51a3-b6ac-2f33895f6cb7'::uuid, '0e0b8106-cab4-5c93-8cd8-22d2fd68ec77'::uuid, 'better_ball', 'loss', 0, 1),
  ('b355ae67-4e6a-5444-b2e7-ff3a8b42574c'::uuid, '095680d9-4107-5a14-8fa1-5f1417c33261'::uuid, 'a1c6b1fe-019c-5cb1-a9bd-a49e4bf79b4d'::uuid, '10d042e6-38ff-5de3-9253-a3f52693b154'::uuid, '220da543-58e1-5ffe-9fba-b78abc5bf951'::uuid, '0ce46b34-6473-5adf-907b-a476f74123e1'::uuid, 'better_ball', 'win', 1, 0),
  ('ef9f751c-8833-5f69-9b41-a703fb8dbdde'::uuid, '095680d9-4107-5a14-8fa1-5f1417c33261'::uuid, 'a1c6b1fe-019c-5cb1-a9bd-a49e4bf79b4d'::uuid, '10d042e6-38ff-5de3-9253-a3f52693b154'::uuid, '5fae53ee-8420-5573-832e-aa19fcdfb10d'::uuid, '0ce46b34-6473-5adf-907b-a476f74123e1'::uuid, 'better_ball', 'win', 1, 0),
  ('4766fb4b-19de-5622-8f97-2aaa0a07dfc8'::uuid, '095680d9-4107-5a14-8fa1-5f1417c33261'::uuid, 'a1c6b1fe-019c-5cb1-a9bd-a49e4bf79b4d'::uuid, '20106e38-b4b5-55f2-808a-8051194e7b03'::uuid, 'a31bb001-bddb-5c5a-b74d-16dc5cfa49a3'::uuid, '0e0b8106-cab4-5c93-8cd8-22d2fd68ec77'::uuid, 'better_ball', 'loss', 0, 1),
  ('aa78a9f9-4854-5be5-9c8c-ffb1ed7c5938'::uuid, '095680d9-4107-5a14-8fa1-5f1417c33261'::uuid, 'a1c6b1fe-019c-5cb1-a9bd-a49e4bf79b4d'::uuid, '20106e38-b4b5-55f2-808a-8051194e7b03'::uuid, 'e37c689d-b31a-54a2-b766-67458f11e693'::uuid, '0e0b8106-cab4-5c93-8cd8-22d2fd68ec77'::uuid, 'better_ball', 'loss', 0, 1),
  ('647fbe32-7944-5c92-b2d8-aee9903cd118'::uuid, '095680d9-4107-5a14-8fa1-5f1417c33261'::uuid, 'a1c6b1fe-019c-5cb1-a9bd-a49e4bf79b4d'::uuid, '20106e38-b4b5-55f2-808a-8051194e7b03'::uuid, 'afeb444c-9d3e-5129-8406-b6e43a17a88d'::uuid, '0ce46b34-6473-5adf-907b-a476f74123e1'::uuid, 'better_ball', 'win', 1, 0),
  ('200ee383-f422-57f1-94eb-5ca3318431f9'::uuid, '095680d9-4107-5a14-8fa1-5f1417c33261'::uuid, 'a1c6b1fe-019c-5cb1-a9bd-a49e4bf79b4d'::uuid, '20106e38-b4b5-55f2-808a-8051194e7b03'::uuid, 'e471b9c7-e709-54da-8fb3-0116001a981a'::uuid, '0ce46b34-6473-5adf-907b-a476f74123e1'::uuid, 'better_ball', 'win', 1, 0),
  ('72313a07-53d5-567e-8bdd-30b7eb493654'::uuid, '095680d9-4107-5a14-8fa1-5f1417c33261'::uuid, '4f14514d-d7ee-5aaf-87cb-1c3c07405136'::uuid, '91564eee-25db-5827-b778-89f7cca6e480'::uuid, '4c13c601-1986-5b72-8c75-1a442a2d8bf8'::uuid, '0e0b8106-cab4-5c93-8cd8-22d2fd68ec77'::uuid, 'better_ball', 'draw', 0.5, 0.5),
  ('7a15d495-362b-5cac-bb66-fca457f87620'::uuid, '095680d9-4107-5a14-8fa1-5f1417c33261'::uuid, '4f14514d-d7ee-5aaf-87cb-1c3c07405136'::uuid, '91564eee-25db-5827-b778-89f7cca6e480'::uuid, '519aa4d2-3603-5dfb-8004-12236d3922a6'::uuid, '0e0b8106-cab4-5c93-8cd8-22d2fd68ec77'::uuid, 'better_ball', 'draw', 0.5, 0.5),
  ('2c994ac9-0b02-5107-b056-5ca420094745'::uuid, '095680d9-4107-5a14-8fa1-5f1417c33261'::uuid, '4f14514d-d7ee-5aaf-87cb-1c3c07405136'::uuid, '91564eee-25db-5827-b778-89f7cca6e480'::uuid, 'a9838793-4f23-57da-b044-7d7e2e50f9ca'::uuid, '0ce46b34-6473-5adf-907b-a476f74123e1'::uuid, 'better_ball', 'draw', 0.5, 0.5),
  ('f7c84e9d-41bb-52ee-b089-c81b664afe44'::uuid, '095680d9-4107-5a14-8fa1-5f1417c33261'::uuid, '4f14514d-d7ee-5aaf-87cb-1c3c07405136'::uuid, '91564eee-25db-5827-b778-89f7cca6e480'::uuid, 'e471b9c7-e709-54da-8fb3-0116001a981a'::uuid, '0ce46b34-6473-5adf-907b-a476f74123e1'::uuid, 'better_ball', 'draw', 0.5, 0.5),
  ('36f21c72-1de1-5f48-ba02-6fb3f8c90dbb'::uuid, '095680d9-4107-5a14-8fa1-5f1417c33261'::uuid, '4f14514d-d7ee-5aaf-87cb-1c3c07405136'::uuid, '94a76807-d001-535f-b352-1f87056ef74b'::uuid, '171b2136-e851-51a3-b6ac-2f33895f6cb7'::uuid, '0e0b8106-cab4-5c93-8cd8-22d2fd68ec77'::uuid, 'better_ball', 'win', 1, 0),
  ('fc92d759-7903-592c-940a-35e874e714a3'::uuid, '095680d9-4107-5a14-8fa1-5f1417c33261'::uuid, '4f14514d-d7ee-5aaf-87cb-1c3c07405136'::uuid, '94a76807-d001-535f-b352-1f87056ef74b'::uuid, 'a31bb001-bddb-5c5a-b74d-16dc5cfa49a3'::uuid, '0e0b8106-cab4-5c93-8cd8-22d2fd68ec77'::uuid, 'better_ball', 'win', 1, 0),
  ('b97ecf4e-774a-59cf-aa97-7c60b5c29e1c'::uuid, '095680d9-4107-5a14-8fa1-5f1417c33261'::uuid, '4f14514d-d7ee-5aaf-87cb-1c3c07405136'::uuid, '94a76807-d001-535f-b352-1f87056ef74b'::uuid, '220da543-58e1-5ffe-9fba-b78abc5bf951'::uuid, '0ce46b34-6473-5adf-907b-a476f74123e1'::uuid, 'better_ball', 'loss', 0, 1),
  ('61660bfd-4526-58be-98dc-3579a9d040d3'::uuid, '095680d9-4107-5a14-8fa1-5f1417c33261'::uuid, '4f14514d-d7ee-5aaf-87cb-1c3c07405136'::uuid, '94a76807-d001-535f-b352-1f87056ef74b'::uuid, 'af81165f-abf2-5fa1-a204-97456cea6331'::uuid, '0ce46b34-6473-5adf-907b-a476f74123e1'::uuid, 'better_ball', 'loss', 0, 1),
  ('0e906661-2852-5c9f-b122-84c5c121120d'::uuid, '095680d9-4107-5a14-8fa1-5f1417c33261'::uuid, '4f14514d-d7ee-5aaf-87cb-1c3c07405136'::uuid, '396fd1e5-a516-5f40-a355-09eeb1b1c860'::uuid, '1e0ee36f-2ae5-5a30-844c-cf159e753bb4'::uuid, '0e0b8106-cab4-5c93-8cd8-22d2fd68ec77'::uuid, 'better_ball', 'win', 1, 0),
  ('0e6dfe19-43af-58e2-a82e-9833c6a6d427'::uuid, '095680d9-4107-5a14-8fa1-5f1417c33261'::uuid, '4f14514d-d7ee-5aaf-87cb-1c3c07405136'::uuid, '396fd1e5-a516-5f40-a355-09eeb1b1c860'::uuid, 'f0c7cbfc-2250-5e4b-93de-a6c061855dbf'::uuid, '0e0b8106-cab4-5c93-8cd8-22d2fd68ec77'::uuid, 'better_ball', 'win', 1, 0),
  ('f123356b-3ba0-5c70-9a95-011c4504ca34'::uuid, '095680d9-4107-5a14-8fa1-5f1417c33261'::uuid, '4f14514d-d7ee-5aaf-87cb-1c3c07405136'::uuid, '396fd1e5-a516-5f40-a355-09eeb1b1c860'::uuid, '5fae53ee-8420-5573-832e-aa19fcdfb10d'::uuid, '0ce46b34-6473-5adf-907b-a476f74123e1'::uuid, 'better_ball', 'loss', 0, 1),
  ('13797343-1ee6-50ca-953a-195b6ce2d5c2'::uuid, '095680d9-4107-5a14-8fa1-5f1417c33261'::uuid, '4f14514d-d7ee-5aaf-87cb-1c3c07405136'::uuid, '396fd1e5-a516-5f40-a355-09eeb1b1c860'::uuid, 'afeb444c-9d3e-5129-8406-b6e43a17a88d'::uuid, '0ce46b34-6473-5adf-907b-a476f74123e1'::uuid, 'better_ball', 'loss', 0, 1),
  ('4e23a99c-e4cb-5e9c-8852-1432fa052ae9'::uuid, '095680d9-4107-5a14-8fa1-5f1417c33261'::uuid, '4f14514d-d7ee-5aaf-87cb-1c3c07405136'::uuid, '03dd6d6f-5a58-5f02-8e56-638685e9aff2'::uuid, '27bb7ccc-03ec-5db6-8e64-22237511355a'::uuid, '0e0b8106-cab4-5c93-8cd8-22d2fd68ec77'::uuid, 'better_ball', 'draw', 0.5, 0.5),
  ('6aaff81b-2d7c-5a6c-a123-32cc985ce0ae'::uuid, '095680d9-4107-5a14-8fa1-5f1417c33261'::uuid, '4f14514d-d7ee-5aaf-87cb-1c3c07405136'::uuid, '03dd6d6f-5a58-5f02-8e56-638685e9aff2'::uuid, 'e37c689d-b31a-54a2-b766-67458f11e693'::uuid, '0e0b8106-cab4-5c93-8cd8-22d2fd68ec77'::uuid, 'better_ball', 'draw', 0.5, 0.5),
  ('2368f483-11d9-5ef4-9c46-f7549a7315e0'::uuid, '095680d9-4107-5a14-8fa1-5f1417c33261'::uuid, '4f14514d-d7ee-5aaf-87cb-1c3c07405136'::uuid, '03dd6d6f-5a58-5f02-8e56-638685e9aff2'::uuid, 'feedad5f-6aaa-5d87-adae-82dba0cc924a'::uuid, '0ce46b34-6473-5adf-907b-a476f74123e1'::uuid, 'better_ball', 'draw', 0.5, 0.5),
  ('26ce61a9-092f-50ad-a5aa-5c0640f2dd09'::uuid, '095680d9-4107-5a14-8fa1-5f1417c33261'::uuid, '4f14514d-d7ee-5aaf-87cb-1c3c07405136'::uuid, '03dd6d6f-5a58-5f02-8e56-638685e9aff2'::uuid, 'c599cc70-a11c-541f-ad67-47267f7e01f8'::uuid, '0ce46b34-6473-5adf-907b-a476f74123e1'::uuid, 'better_ball', 'draw', 0.5, 0.5),
  ('5c369eaa-d1cd-599b-9f61-3c2fdb12b213'::uuid, '095680d9-4107-5a14-8fa1-5f1417c33261'::uuid, 'fff114b8-8b55-5901-bf8b-941d36a8a9f0'::uuid, '8fe41586-adba-55f7-8f6c-6242c2d2bf6f'::uuid, '171b2136-e851-51a3-b6ac-2f33895f6cb7'::uuid, '0e0b8106-cab4-5c93-8cd8-22d2fd68ec77'::uuid, 'singles', 'loss', 0, 1),
  ('43d822ce-f1f8-5bb9-81a4-569ad0cf205e'::uuid, '095680d9-4107-5a14-8fa1-5f1417c33261'::uuid, 'fff114b8-8b55-5901-bf8b-941d36a8a9f0'::uuid, '8fe41586-adba-55f7-8f6c-6242c2d2bf6f'::uuid, 'e471b9c7-e709-54da-8fb3-0116001a981a'::uuid, '0ce46b34-6473-5adf-907b-a476f74123e1'::uuid, 'singles', 'win', 1, 0),
  ('aeb39c46-7cbd-52d8-9b67-7ac96e720f1d'::uuid, '095680d9-4107-5a14-8fa1-5f1417c33261'::uuid, 'fff114b8-8b55-5901-bf8b-941d36a8a9f0'::uuid, '87c2aae4-8d5c-516e-8ef5-1364b4254a99'::uuid, '519aa4d2-3603-5dfb-8004-12236d3922a6'::uuid, '0e0b8106-cab4-5c93-8cd8-22d2fd68ec77'::uuid, 'singles', 'loss', 0, 1),
  ('a55f395e-f459-5c88-8bfa-8a167e959e10'::uuid, '095680d9-4107-5a14-8fa1-5f1417c33261'::uuid, 'fff114b8-8b55-5901-bf8b-941d36a8a9f0'::uuid, '87c2aae4-8d5c-516e-8ef5-1364b4254a99'::uuid, 'c599cc70-a11c-541f-ad67-47267f7e01f8'::uuid, '0ce46b34-6473-5adf-907b-a476f74123e1'::uuid, 'singles', 'win', 1, 0),
  ('4f26dddb-cd74-5c8b-9bcb-a39f3ddabb8a'::uuid, '095680d9-4107-5a14-8fa1-5f1417c33261'::uuid, 'fff114b8-8b55-5901-bf8b-941d36a8a9f0'::uuid, '3498f006-10cc-5876-b3d2-3af475f46df1'::uuid, '1e0ee36f-2ae5-5a30-844c-cf159e753bb4'::uuid, '0e0b8106-cab4-5c93-8cd8-22d2fd68ec77'::uuid, 'singles', 'win', 1, 0),
  ('2568011e-9391-536b-a0b5-4ba5b4aae3f2'::uuid, '095680d9-4107-5a14-8fa1-5f1417c33261'::uuid, 'fff114b8-8b55-5901-bf8b-941d36a8a9f0'::uuid, '3498f006-10cc-5876-b3d2-3af475f46df1'::uuid, '220da543-58e1-5ffe-9fba-b78abc5bf951'::uuid, '0ce46b34-6473-5adf-907b-a476f74123e1'::uuid, 'singles', 'loss', 0, 1),
  ('ce39d594-e4df-5f3d-a566-375c9d4e5baa'::uuid, '095680d9-4107-5a14-8fa1-5f1417c33261'::uuid, 'fff114b8-8b55-5901-bf8b-941d36a8a9f0'::uuid, '392c011e-4b4a-579d-967e-c5e1348e9260'::uuid, '27bb7ccc-03ec-5db6-8e64-22237511355a'::uuid, '0e0b8106-cab4-5c93-8cd8-22d2fd68ec77'::uuid, 'singles', 'draw', 0.5, 0.5),
  ('def9f302-d962-5844-b90f-7c9accda2e57'::uuid, '095680d9-4107-5a14-8fa1-5f1417c33261'::uuid, 'fff114b8-8b55-5901-bf8b-941d36a8a9f0'::uuid, '392c011e-4b4a-579d-967e-c5e1348e9260'::uuid, 'af81165f-abf2-5fa1-a204-97456cea6331'::uuid, '0ce46b34-6473-5adf-907b-a476f74123e1'::uuid, 'singles', 'draw', 0.5, 0.5),
  ('f433f9a3-5f86-5498-9f10-5877236f5513'::uuid, '095680d9-4107-5a14-8fa1-5f1417c33261'::uuid, 'fff114b8-8b55-5901-bf8b-941d36a8a9f0'::uuid, 'bcef7f6b-0856-5331-b514-0185edd370fe'::uuid, 'f0c7cbfc-2250-5e4b-93de-a6c061855dbf'::uuid, '0e0b8106-cab4-5c93-8cd8-22d2fd68ec77'::uuid, 'singles', 'win', 1, 0),
  ('6970ef1b-08ec-59a1-9bc1-80550fda6ed2'::uuid, '095680d9-4107-5a14-8fa1-5f1417c33261'::uuid, 'fff114b8-8b55-5901-bf8b-941d36a8a9f0'::uuid, 'bcef7f6b-0856-5331-b514-0185edd370fe'::uuid, '5fae53ee-8420-5573-832e-aa19fcdfb10d'::uuid, '0ce46b34-6473-5adf-907b-a476f74123e1'::uuid, 'singles', 'loss', 0, 1),
  ('86c98239-b0c6-594c-a5e2-86e5a80d6db3'::uuid, '095680d9-4107-5a14-8fa1-5f1417c33261'::uuid, 'fff114b8-8b55-5901-bf8b-941d36a8a9f0'::uuid, '943b7289-8877-52ab-bc41-046345776211'::uuid, '4c13c601-1986-5b72-8c75-1a442a2d8bf8'::uuid, '0e0b8106-cab4-5c93-8cd8-22d2fd68ec77'::uuid, 'singles', 'win', 1, 0),
  ('a868b286-cdef-5db8-b641-ed691c9b4fe9'::uuid, '095680d9-4107-5a14-8fa1-5f1417c33261'::uuid, 'fff114b8-8b55-5901-bf8b-941d36a8a9f0'::uuid, '943b7289-8877-52ab-bc41-046345776211'::uuid, 'afeb444c-9d3e-5129-8406-b6e43a17a88d'::uuid, '0ce46b34-6473-5adf-907b-a476f74123e1'::uuid, 'singles', 'loss', 0, 1),
  ('45505b02-b910-5150-95dd-ef54180fbc5b'::uuid, '095680d9-4107-5a14-8fa1-5f1417c33261'::uuid, 'fff114b8-8b55-5901-bf8b-941d36a8a9f0'::uuid, '6a092db0-1fa6-55c4-b15d-b897b46b69f5'::uuid, 'e37c689d-b31a-54a2-b766-67458f11e693'::uuid, '0e0b8106-cab4-5c93-8cd8-22d2fd68ec77'::uuid, 'singles', 'win', 1, 0),
  ('3861ebfc-2e06-5d49-a1de-afa15c6577dc'::uuid, '095680d9-4107-5a14-8fa1-5f1417c33261'::uuid, 'fff114b8-8b55-5901-bf8b-941d36a8a9f0'::uuid, '6a092db0-1fa6-55c4-b15d-b897b46b69f5'::uuid, 'feedad5f-6aaa-5d87-adae-82dba0cc924a'::uuid, '0ce46b34-6473-5adf-907b-a476f74123e1'::uuid, 'singles', 'loss', 0, 1),
  ('2b98da5a-6af6-50a6-a582-171f9b27fe8b'::uuid, '095680d9-4107-5a14-8fa1-5f1417c33261'::uuid, 'fff114b8-8b55-5901-bf8b-941d36a8a9f0'::uuid, 'b7236ec2-b2d2-5369-ab0c-41f9121678fc'::uuid, 'a31bb001-bddb-5c5a-b74d-16dc5cfa49a3'::uuid, '0e0b8106-cab4-5c93-8cd8-22d2fd68ec77'::uuid, 'singles', 'win', 1, 0),
  ('085dc236-56f0-5b74-a2f3-beb3da66fc74'::uuid, '095680d9-4107-5a14-8fa1-5f1417c33261'::uuid, 'fff114b8-8b55-5901-bf8b-941d36a8a9f0'::uuid, 'b7236ec2-b2d2-5369-ab0c-41f9121678fc'::uuid, 'a9838793-4f23-57da-b044-7d7e2e50f9ca'::uuid, '0ce46b34-6473-5adf-907b-a476f74123e1'::uuid, 'singles', 'loss', 0, 1),
  ('6b91f978-6828-5cb8-b9a3-5d60d987233c'::uuid, 'cbe00f46-d6d8-5ad0-ae2c-58b43c745bc2'::uuid, 'dc95973a-8631-5915-bde3-7d197fc1147f'::uuid, '83dd48fc-e96a-56f8-8a61-33223b7b247d'::uuid, '45ce590d-fe6c-5971-abcb-c09090cba52b'::uuid, 'ecf6ffd3-2ada-5a20-8d8f-1c12a22b23f2'::uuid, 'better_ball', 'win', 1, 0),
  ('a5ea5278-8bb8-5e8d-8c39-7ee0ff5dffe6'::uuid, 'cbe00f46-d6d8-5ad0-ae2c-58b43c745bc2'::uuid, 'dc95973a-8631-5915-bde3-7d197fc1147f'::uuid, '83dd48fc-e96a-56f8-8a61-33223b7b247d'::uuid, '5fae53ee-8420-5573-832e-aa19fcdfb10d'::uuid, 'ecf6ffd3-2ada-5a20-8d8f-1c12a22b23f2'::uuid, 'better_ball', 'win', 1, 0),
  ('0c95b6ba-0abf-5523-ba03-0f1735c151a6'::uuid, 'cbe00f46-d6d8-5ad0-ae2c-58b43c745bc2'::uuid, 'dc95973a-8631-5915-bde3-7d197fc1147f'::uuid, '83dd48fc-e96a-56f8-8a61-33223b7b247d'::uuid, '5571b0f4-1db8-5bb6-b32d-cbf24743cb8e'::uuid, '9e6cdbf8-9c09-54cb-829a-dada734bbd4d'::uuid, 'better_ball', 'loss', 0, 1),
  ('9f642dc3-73cf-5776-83aa-e7705ece92db'::uuid, 'cbe00f46-d6d8-5ad0-ae2c-58b43c745bc2'::uuid, 'dc95973a-8631-5915-bde3-7d197fc1147f'::uuid, '83dd48fc-e96a-56f8-8a61-33223b7b247d'::uuid, '27bb7ccc-03ec-5db6-8e64-22237511355a'::uuid, '9e6cdbf8-9c09-54cb-829a-dada734bbd4d'::uuid, 'better_ball', 'loss', 0, 1),
  ('31ed4d9c-a1c9-50da-b4cf-42240f84142e'::uuid, 'cbe00f46-d6d8-5ad0-ae2c-58b43c745bc2'::uuid, 'dc95973a-8631-5915-bde3-7d197fc1147f'::uuid, 'eb15b184-301e-5c78-aa99-db3685c38143'::uuid, 'feedad5f-6aaa-5d87-adae-82dba0cc924a'::uuid, 'ecf6ffd3-2ada-5a20-8d8f-1c12a22b23f2'::uuid, 'better_ball', 'win', 1, 0),
  ('df7dc09e-f059-516f-afb5-e9ae9d31f4dc'::uuid, 'cbe00f46-d6d8-5ad0-ae2c-58b43c745bc2'::uuid, 'dc95973a-8631-5915-bde3-7d197fc1147f'::uuid, 'eb15b184-301e-5c78-aa99-db3685c38143'::uuid, 'c599cc70-a11c-541f-ad67-47267f7e01f8'::uuid, 'ecf6ffd3-2ada-5a20-8d8f-1c12a22b23f2'::uuid, 'better_ball', 'win', 1, 0),
  ('d615b3cd-d336-5c15-a3dc-abbff39b026e'::uuid, 'cbe00f46-d6d8-5ad0-ae2c-58b43c745bc2'::uuid, 'dc95973a-8631-5915-bde3-7d197fc1147f'::uuid, 'eb15b184-301e-5c78-aa99-db3685c38143'::uuid, '4ea2e495-4bab-51b6-9421-940ca7991690'::uuid, '9e6cdbf8-9c09-54cb-829a-dada734bbd4d'::uuid, 'better_ball', 'loss', 0, 1),
  ('9ada5527-4c40-5570-90a0-019844ef408e'::uuid, 'cbe00f46-d6d8-5ad0-ae2c-58b43c745bc2'::uuid, 'dc95973a-8631-5915-bde3-7d197fc1147f'::uuid, 'eb15b184-301e-5c78-aa99-db3685c38143'::uuid, '4f423e7b-a9c1-5be2-87fd-ea2f71ed786f'::uuid, '9e6cdbf8-9c09-54cb-829a-dada734bbd4d'::uuid, 'better_ball', 'loss', 0, 1),
  ('bfa26775-793e-583f-9adb-d8494d168895'::uuid, 'cbe00f46-d6d8-5ad0-ae2c-58b43c745bc2'::uuid, 'dc95973a-8631-5915-bde3-7d197fc1147f'::uuid, '9cdce202-ded0-50bb-9725-f352f77c6553'::uuid, 'afeb444c-9d3e-5129-8406-b6e43a17a88d'::uuid, 'ecf6ffd3-2ada-5a20-8d8f-1c12a22b23f2'::uuid, 'better_ball', 'loss', 0, 1),
  ('4d1dd625-8bd8-53ff-9e04-9a763a88f409'::uuid, 'cbe00f46-d6d8-5ad0-ae2c-58b43c745bc2'::uuid, 'dc95973a-8631-5915-bde3-7d197fc1147f'::uuid, '9cdce202-ded0-50bb-9725-f352f77c6553'::uuid, '1e0ee36f-2ae5-5a30-844c-cf159e753bb4'::uuid, 'ecf6ffd3-2ada-5a20-8d8f-1c12a22b23f2'::uuid, 'better_ball', 'loss', 0, 1),
  ('a9a22176-3a78-579d-872b-4fd7710695fa'::uuid, 'cbe00f46-d6d8-5ad0-ae2c-58b43c745bc2'::uuid, 'dc95973a-8631-5915-bde3-7d197fc1147f'::uuid, '9cdce202-ded0-50bb-9725-f352f77c6553'::uuid, 'f0c7cbfc-2250-5e4b-93de-a6c061855dbf'::uuid, '9e6cdbf8-9c09-54cb-829a-dada734bbd4d'::uuid, 'better_ball', 'win', 1, 0),
  ('1a59e4f9-b9f7-536b-82e8-7b8b2ec9408a'::uuid, 'cbe00f46-d6d8-5ad0-ae2c-58b43c745bc2'::uuid, 'dc95973a-8631-5915-bde3-7d197fc1147f'::uuid, '9cdce202-ded0-50bb-9725-f352f77c6553'::uuid, '220da543-58e1-5ffe-9fba-b78abc5bf951'::uuid, '9e6cdbf8-9c09-54cb-829a-dada734bbd4d'::uuid, 'better_ball', 'win', 1, 0),
  ('86a68fbc-d6f3-55c2-9605-ce1b7058d1b9'::uuid, 'cbe00f46-d6d8-5ad0-ae2c-58b43c745bc2'::uuid, 'dc95973a-8631-5915-bde3-7d197fc1147f'::uuid, '032a3186-db89-5ded-bf73-8a6a525f6985'::uuid, '171b2136-e851-51a3-b6ac-2f33895f6cb7'::uuid, 'ecf6ffd3-2ada-5a20-8d8f-1c12a22b23f2'::uuid, 'better_ball', 'draw', 0.5, 0.5),
  ('7b9354ab-11fb-50ef-be85-a323196ba83e'::uuid, 'cbe00f46-d6d8-5ad0-ae2c-58b43c745bc2'::uuid, 'dc95973a-8631-5915-bde3-7d197fc1147f'::uuid, '032a3186-db89-5ded-bf73-8a6a525f6985'::uuid, '0a3d9721-e3d8-5d52-b687-fab4b2ad5c5b'::uuid, 'ecf6ffd3-2ada-5a20-8d8f-1c12a22b23f2'::uuid, 'better_ball', 'draw', 0.5, 0.5),
  ('a1fed6de-6437-574a-96fe-617ea8fff04f'::uuid, 'cbe00f46-d6d8-5ad0-ae2c-58b43c745bc2'::uuid, 'dc95973a-8631-5915-bde3-7d197fc1147f'::uuid, '032a3186-db89-5ded-bf73-8a6a525f6985'::uuid, 'a9838793-4f23-57da-b044-7d7e2e50f9ca'::uuid, '9e6cdbf8-9c09-54cb-829a-dada734bbd4d'::uuid, 'better_ball', 'draw', 0.5, 0.5),
  ('b46e7dd7-8f87-5cbb-85f6-cb74c5b0e558'::uuid, 'cbe00f46-d6d8-5ad0-ae2c-58b43c745bc2'::uuid, 'dc95973a-8631-5915-bde3-7d197fc1147f'::uuid, '032a3186-db89-5ded-bf73-8a6a525f6985'::uuid, 'af81165f-abf2-5fa1-a204-97456cea6331'::uuid, '9e6cdbf8-9c09-54cb-829a-dada734bbd4d'::uuid, 'better_ball', 'draw', 0.5, 0.5),
  ('3c136382-0bcd-560c-abd1-a71913a62702'::uuid, 'cbe00f46-d6d8-5ad0-ae2c-58b43c745bc2'::uuid, 'dc95973a-8631-5915-bde3-7d197fc1147f'::uuid, '9b2f7f02-802e-57e2-a127-dff2fdb58989'::uuid, '4084e67e-9798-54af-8532-a05d7cf1fa1c'::uuid, 'ecf6ffd3-2ada-5a20-8d8f-1c12a22b23f2'::uuid, 'better_ball', 'win', 1, 0),
  ('afe9ccb9-a705-5171-85cc-4cf98a5fbf85'::uuid, 'cbe00f46-d6d8-5ad0-ae2c-58b43c745bc2'::uuid, 'dc95973a-8631-5915-bde3-7d197fc1147f'::uuid, '9b2f7f02-802e-57e2-a127-dff2fdb58989'::uuid, '4c13c601-1986-5b72-8c75-1a442a2d8bf8'::uuid, 'ecf6ffd3-2ada-5a20-8d8f-1c12a22b23f2'::uuid, 'better_ball', 'win', 1, 0),
  ('def8fb1d-b2a6-51d9-a977-ff7898362481'::uuid, 'cbe00f46-d6d8-5ad0-ae2c-58b43c745bc2'::uuid, 'dc95973a-8631-5915-bde3-7d197fc1147f'::uuid, '9b2f7f02-802e-57e2-a127-dff2fdb58989'::uuid, 'a31bb001-bddb-5c5a-b74d-16dc5cfa49a3'::uuid, '9e6cdbf8-9c09-54cb-829a-dada734bbd4d'::uuid, 'better_ball', 'loss', 0, 1),
  ('02016bc6-3faa-5a61-a61d-ebe426770938'::uuid, 'cbe00f46-d6d8-5ad0-ae2c-58b43c745bc2'::uuid, 'dc95973a-8631-5915-bde3-7d197fc1147f'::uuid, '9b2f7f02-802e-57e2-a127-dff2fdb58989'::uuid, '519aa4d2-3603-5dfb-8004-12236d3922a6'::uuid, '9e6cdbf8-9c09-54cb-829a-dada734bbd4d'::uuid, 'better_ball', 'loss', 0, 1),
  ('4893f4af-876b-5ccc-b55a-a6934835af44'::uuid, 'cbe00f46-d6d8-5ad0-ae2c-58b43c745bc2'::uuid, 'b82eee2d-6629-5d38-9199-9dfc74449e4b'::uuid, '469353a0-48cc-5da9-b960-121c15038b14'::uuid, '1e0ee36f-2ae5-5a30-844c-cf159e753bb4'::uuid, 'ecf6ffd3-2ada-5a20-8d8f-1c12a22b23f2'::uuid, 'better_ball', 'win', 1, 0),
  ('237f8d65-3e30-5b09-8e7f-6aa74707c7eb'::uuid, 'cbe00f46-d6d8-5ad0-ae2c-58b43c745bc2'::uuid, 'b82eee2d-6629-5d38-9199-9dfc74449e4b'::uuid, '469353a0-48cc-5da9-b960-121c15038b14'::uuid, '171b2136-e851-51a3-b6ac-2f33895f6cb7'::uuid, 'ecf6ffd3-2ada-5a20-8d8f-1c12a22b23f2'::uuid, 'better_ball', 'win', 1, 0),
  ('379fb062-ec6a-5a90-bec3-71cfb35abba8'::uuid, 'cbe00f46-d6d8-5ad0-ae2c-58b43c745bc2'::uuid, 'b82eee2d-6629-5d38-9199-9dfc74449e4b'::uuid, '469353a0-48cc-5da9-b960-121c15038b14'::uuid, 'f0c7cbfc-2250-5e4b-93de-a6c061855dbf'::uuid, '9e6cdbf8-9c09-54cb-829a-dada734bbd4d'::uuid, 'better_ball', 'loss', 0, 1),
  ('d39ec26a-1759-5ef5-911a-5c4e9ec114f5'::uuid, 'cbe00f46-d6d8-5ad0-ae2c-58b43c745bc2'::uuid, 'b82eee2d-6629-5d38-9199-9dfc74449e4b'::uuid, '469353a0-48cc-5da9-b960-121c15038b14'::uuid, 'af81165f-abf2-5fa1-a204-97456cea6331'::uuid, '9e6cdbf8-9c09-54cb-829a-dada734bbd4d'::uuid, 'better_ball', 'loss', 0, 1),
  ('9f8bbb4a-e5ae-5983-8089-72a56717783e'::uuid, 'cbe00f46-d6d8-5ad0-ae2c-58b43c745bc2'::uuid, 'b82eee2d-6629-5d38-9199-9dfc74449e4b'::uuid, '63291ecc-6d6b-5bdb-9cd1-a4308fe4b0c5'::uuid, '45ce590d-fe6c-5971-abcb-c09090cba52b'::uuid, 'ecf6ffd3-2ada-5a20-8d8f-1c12a22b23f2'::uuid, 'better_ball', 'loss', 0, 1),
  ('7fe3c455-a303-53ef-8a1e-efe6f20890db'::uuid, 'cbe00f46-d6d8-5ad0-ae2c-58b43c745bc2'::uuid, 'b82eee2d-6629-5d38-9199-9dfc74449e4b'::uuid, '63291ecc-6d6b-5bdb-9cd1-a4308fe4b0c5'::uuid, '4084e67e-9798-54af-8532-a05d7cf1fa1c'::uuid, 'ecf6ffd3-2ada-5a20-8d8f-1c12a22b23f2'::uuid, 'better_ball', 'loss', 0, 1),
  ('1a63428b-47b7-5bff-b51a-d65339e643b0'::uuid, 'cbe00f46-d6d8-5ad0-ae2c-58b43c745bc2'::uuid, 'b82eee2d-6629-5d38-9199-9dfc74449e4b'::uuid, '63291ecc-6d6b-5bdb-9cd1-a4308fe4b0c5'::uuid, '4ea2e495-4bab-51b6-9421-940ca7991690'::uuid, '9e6cdbf8-9c09-54cb-829a-dada734bbd4d'::uuid, 'better_ball', 'win', 1, 0),
  ('ab4549bb-e18f-5b4d-8e6c-a46cc374301e'::uuid, 'cbe00f46-d6d8-5ad0-ae2c-58b43c745bc2'::uuid, 'b82eee2d-6629-5d38-9199-9dfc74449e4b'::uuid, '63291ecc-6d6b-5bdb-9cd1-a4308fe4b0c5'::uuid, '5571b0f4-1db8-5bb6-b32d-cbf24743cb8e'::uuid, '9e6cdbf8-9c09-54cb-829a-dada734bbd4d'::uuid, 'better_ball', 'win', 1, 0),
  ('8445ea7b-d78f-5eba-baee-59e29d2769ef'::uuid, 'cbe00f46-d6d8-5ad0-ae2c-58b43c745bc2'::uuid, 'b82eee2d-6629-5d38-9199-9dfc74449e4b'::uuid, '9e0467df-a2d2-5b03-bec8-b470babbabe9'::uuid, '4c13c601-1986-5b72-8c75-1a442a2d8bf8'::uuid, 'ecf6ffd3-2ada-5a20-8d8f-1c12a22b23f2'::uuid, 'better_ball', 'win', 1, 0),
  ('4f0a2be2-2e3e-585e-ba46-f6d6b24d53ab'::uuid, 'cbe00f46-d6d8-5ad0-ae2c-58b43c745bc2'::uuid, 'b82eee2d-6629-5d38-9199-9dfc74449e4b'::uuid, '9e0467df-a2d2-5b03-bec8-b470babbabe9'::uuid, '5fae53ee-8420-5573-832e-aa19fcdfb10d'::uuid, 'ecf6ffd3-2ada-5a20-8d8f-1c12a22b23f2'::uuid, 'better_ball', 'win', 1, 0),
  ('9c887f7c-e046-5f48-86f2-d739efd6e487'::uuid, 'cbe00f46-d6d8-5ad0-ae2c-58b43c745bc2'::uuid, 'b82eee2d-6629-5d38-9199-9dfc74449e4b'::uuid, '9e0467df-a2d2-5b03-bec8-b470babbabe9'::uuid, '220da543-58e1-5ffe-9fba-b78abc5bf951'::uuid, '9e6cdbf8-9c09-54cb-829a-dada734bbd4d'::uuid, 'better_ball', 'loss', 0, 1),
  ('def2fbb0-0142-5b82-80ec-818b1f7c8141'::uuid, 'cbe00f46-d6d8-5ad0-ae2c-58b43c745bc2'::uuid, 'b82eee2d-6629-5d38-9199-9dfc74449e4b'::uuid, '9e0467df-a2d2-5b03-bec8-b470babbabe9'::uuid, '4f423e7b-a9c1-5be2-87fd-ea2f71ed786f'::uuid, '9e6cdbf8-9c09-54cb-829a-dada734bbd4d'::uuid, 'better_ball', 'loss', 0, 1),
  ('3e5430df-1c98-5830-877a-d43ceac5b605'::uuid, 'cbe00f46-d6d8-5ad0-ae2c-58b43c745bc2'::uuid, 'b82eee2d-6629-5d38-9199-9dfc74449e4b'::uuid, '7848da43-2bad-597d-b3c4-dbe14114df0b'::uuid, '0a3d9721-e3d8-5d52-b687-fab4b2ad5c5b'::uuid, 'ecf6ffd3-2ada-5a20-8d8f-1c12a22b23f2'::uuid, 'better_ball', 'loss', 0, 1),
  ('07048fa3-44f0-5e49-94fd-9e9acec6a96b'::uuid, 'cbe00f46-d6d8-5ad0-ae2c-58b43c745bc2'::uuid, 'b82eee2d-6629-5d38-9199-9dfc74449e4b'::uuid, '7848da43-2bad-597d-b3c4-dbe14114df0b'::uuid, 'c599cc70-a11c-541f-ad67-47267f7e01f8'::uuid, 'ecf6ffd3-2ada-5a20-8d8f-1c12a22b23f2'::uuid, 'better_ball', 'loss', 0, 1),
  ('98534ba0-a8ab-57f4-bbdc-2aaab07e32d0'::uuid, 'cbe00f46-d6d8-5ad0-ae2c-58b43c745bc2'::uuid, 'b82eee2d-6629-5d38-9199-9dfc74449e4b'::uuid, '7848da43-2bad-597d-b3c4-dbe14114df0b'::uuid, 'a31bb001-bddb-5c5a-b74d-16dc5cfa49a3'::uuid, '9e6cdbf8-9c09-54cb-829a-dada734bbd4d'::uuid, 'better_ball', 'win', 1, 0),
  ('d03666c8-6cdc-5285-aede-5c9633817e98'::uuid, 'cbe00f46-d6d8-5ad0-ae2c-58b43c745bc2'::uuid, 'b82eee2d-6629-5d38-9199-9dfc74449e4b'::uuid, '7848da43-2bad-597d-b3c4-dbe14114df0b'::uuid, 'a9838793-4f23-57da-b044-7d7e2e50f9ca'::uuid, '9e6cdbf8-9c09-54cb-829a-dada734bbd4d'::uuid, 'better_ball', 'win', 1, 0),
  ('74c67870-c40a-5bea-9407-26cc84dd32c2'::uuid, 'cbe00f46-d6d8-5ad0-ae2c-58b43c745bc2'::uuid, 'b82eee2d-6629-5d38-9199-9dfc74449e4b'::uuid, '9814cf8a-d278-5769-9137-4ca91cc8aac0'::uuid, 'feedad5f-6aaa-5d87-adae-82dba0cc924a'::uuid, 'ecf6ffd3-2ada-5a20-8d8f-1c12a22b23f2'::uuid, 'better_ball', 'win', 1, 0),
  ('a1dad74c-4778-5a06-99d5-8cd5267c562b'::uuid, 'cbe00f46-d6d8-5ad0-ae2c-58b43c745bc2'::uuid, 'b82eee2d-6629-5d38-9199-9dfc74449e4b'::uuid, '9814cf8a-d278-5769-9137-4ca91cc8aac0'::uuid, 'afeb444c-9d3e-5129-8406-b6e43a17a88d'::uuid, 'ecf6ffd3-2ada-5a20-8d8f-1c12a22b23f2'::uuid, 'better_ball', 'win', 1, 0),
  ('d6bc566d-6337-5392-857a-7fef68564c3a'::uuid, 'cbe00f46-d6d8-5ad0-ae2c-58b43c745bc2'::uuid, 'b82eee2d-6629-5d38-9199-9dfc74449e4b'::uuid, '9814cf8a-d278-5769-9137-4ca91cc8aac0'::uuid, '519aa4d2-3603-5dfb-8004-12236d3922a6'::uuid, '9e6cdbf8-9c09-54cb-829a-dada734bbd4d'::uuid, 'better_ball', 'loss', 0, 1),
  ('656512e7-3c7d-5406-a005-135cb66450e0'::uuid, 'cbe00f46-d6d8-5ad0-ae2c-58b43c745bc2'::uuid, 'b82eee2d-6629-5d38-9199-9dfc74449e4b'::uuid, '9814cf8a-d278-5769-9137-4ca91cc8aac0'::uuid, '27bb7ccc-03ec-5db6-8e64-22237511355a'::uuid, '9e6cdbf8-9c09-54cb-829a-dada734bbd4d'::uuid, 'better_ball', 'loss', 0, 1),
  ('ad2c7ace-f879-5cd9-9ac2-b15312ccd0b7'::uuid, 'cbe00f46-d6d8-5ad0-ae2c-58b43c745bc2'::uuid, '499ee24b-22fd-577d-a853-e729de694a88'::uuid, 'c6973df3-4144-568e-b239-eeec30aa4af5'::uuid, 'afeb444c-9d3e-5129-8406-b6e43a17a88d'::uuid, 'ecf6ffd3-2ada-5a20-8d8f-1c12a22b23f2'::uuid, 'singles', 'loss', 0, 1),
  ('604be3d0-2972-5e78-81bd-1f8bff9feacf'::uuid, 'cbe00f46-d6d8-5ad0-ae2c-58b43c745bc2'::uuid, '499ee24b-22fd-577d-a853-e729de694a88'::uuid, 'c6973df3-4144-568e-b239-eeec30aa4af5'::uuid, '220da543-58e1-5ffe-9fba-b78abc5bf951'::uuid, '9e6cdbf8-9c09-54cb-829a-dada734bbd4d'::uuid, 'singles', 'win', 1, 0),
  ('ea54cadb-980a-585d-812b-cad8514ff86a'::uuid, 'cbe00f46-d6d8-5ad0-ae2c-58b43c745bc2'::uuid, '499ee24b-22fd-577d-a853-e729de694a88'::uuid, '932c5160-51ff-53af-a41b-82a5c9845132'::uuid, '1e0ee36f-2ae5-5a30-844c-cf159e753bb4'::uuid, 'ecf6ffd3-2ada-5a20-8d8f-1c12a22b23f2'::uuid, 'singles', 'win', 1, 0),
  ('767cd1a4-8b11-5117-a689-e97e4cbf612f'::uuid, 'cbe00f46-d6d8-5ad0-ae2c-58b43c745bc2'::uuid, '499ee24b-22fd-577d-a853-e729de694a88'::uuid, '932c5160-51ff-53af-a41b-82a5c9845132'::uuid, 'a9838793-4f23-57da-b044-7d7e2e50f9ca'::uuid, '9e6cdbf8-9c09-54cb-829a-dada734bbd4d'::uuid, 'singles', 'loss', 0, 1),
  ('c5fd3c3a-858b-5bc6-8b70-3dd2b9f092a4'::uuid, 'cbe00f46-d6d8-5ad0-ae2c-58b43c745bc2'::uuid, '499ee24b-22fd-577d-a853-e729de694a88'::uuid, '7434ed25-7d18-56fc-aae1-bdbfc0422ace'::uuid, 'c599cc70-a11c-541f-ad67-47267f7e01f8'::uuid, 'ecf6ffd3-2ada-5a20-8d8f-1c12a22b23f2'::uuid, 'singles', 'loss', 0, 1),
  ('226ebc74-700b-5017-80af-4639336b7d6a'::uuid, 'cbe00f46-d6d8-5ad0-ae2c-58b43c745bc2'::uuid, '499ee24b-22fd-577d-a853-e729de694a88'::uuid, '7434ed25-7d18-56fc-aae1-bdbfc0422ace'::uuid, '27bb7ccc-03ec-5db6-8e64-22237511355a'::uuid, '9e6cdbf8-9c09-54cb-829a-dada734bbd4d'::uuid, 'singles', 'win', 1, 0),
  ('fbb7ac13-3630-5ad5-b277-7e55296db160'::uuid, '095680d9-4107-5a14-8fa1-5f1417c33261'::uuid, 'd1528101-56da-5dfb-8b6d-89c540901c8b'::uuid, '231147d5-6f54-5f6f-b793-0dc691103411'::uuid, '5fae53ee-8420-5573-832e-aa19fcdfb10d'::uuid, '0e0b8106-cab4-5c93-8cd8-22d2fd68ec77'::uuid, 'singles', 'win', 1, 0),
  ('60a5aefb-971d-5a51-a21c-55f1a372b5e2'::uuid, '095680d9-4107-5a14-8fa1-5f1417c33261'::uuid, 'd1528101-56da-5dfb-8b6d-89c540901c8b'::uuid, '231147d5-6f54-5f6f-b793-0dc691103411'::uuid, 'f0c7cbfc-2250-5e4b-93de-a6c061855dbf'::uuid, '0ce46b34-6473-5adf-907b-a476f74123e1'::uuid, 'singles', 'loss', 0, 1),
  ('9999e68b-faba-547f-92ec-309c911b9355'::uuid, 'cbe00f46-d6d8-5ad0-ae2c-58b43c745bc2'::uuid, '499ee24b-22fd-577d-a853-e729de694a88'::uuid, 'aa2b39b0-2d16-5a9b-83ef-9723c063dc5f'::uuid, 'feedad5f-6aaa-5d87-adae-82dba0cc924a'::uuid, 'ecf6ffd3-2ada-5a20-8d8f-1c12a22b23f2'::uuid, 'singles', 'win', 1, 0),
  ('4847799b-4e1a-5f94-95dc-3fb1ad28c29a'::uuid, 'cbe00f46-d6d8-5ad0-ae2c-58b43c745bc2'::uuid, '499ee24b-22fd-577d-a853-e729de694a88'::uuid, 'aa2b39b0-2d16-5a9b-83ef-9723c063dc5f'::uuid, 'af81165f-abf2-5fa1-a204-97456cea6331'::uuid, '9e6cdbf8-9c09-54cb-829a-dada734bbd4d'::uuid, 'singles', 'loss', 0, 1),
  ('603204b7-2403-5854-b3d4-69d0af9e2afb'::uuid, 'cbe00f46-d6d8-5ad0-ae2c-58b43c745bc2'::uuid, '499ee24b-22fd-577d-a853-e729de694a88'::uuid, '4c478546-6e99-501a-bbd3-49fc3fc5bf86'::uuid, '45ce590d-fe6c-5971-abcb-c09090cba52b'::uuid, 'ecf6ffd3-2ada-5a20-8d8f-1c12a22b23f2'::uuid, 'singles', 'win', 1, 0),
  ('ec7cc3de-daeb-5eaa-8e5b-bbc609410b28'::uuid, 'cbe00f46-d6d8-5ad0-ae2c-58b43c745bc2'::uuid, '499ee24b-22fd-577d-a853-e729de694a88'::uuid, '4c478546-6e99-501a-bbd3-49fc3fc5bf86'::uuid, '5571b0f4-1db8-5bb6-b32d-cbf24743cb8e'::uuid, '9e6cdbf8-9c09-54cb-829a-dada734bbd4d'::uuid, 'singles', 'loss', 0, 1),
  ('06cd69d9-e5be-5f73-a7f0-2c18ea84ee2b'::uuid, 'cbe00f46-d6d8-5ad0-ae2c-58b43c745bc2'::uuid, '499ee24b-22fd-577d-a853-e729de694a88'::uuid, '1bc59257-2212-5519-85bc-62b49150eec9'::uuid, '4c13c601-1986-5b72-8c75-1a442a2d8bf8'::uuid, 'ecf6ffd3-2ada-5a20-8d8f-1c12a22b23f2'::uuid, 'singles', 'loss', 0, 1),
  ('646a1714-2ad2-535c-b7d4-5c316ba1cee1'::uuid, 'cbe00f46-d6d8-5ad0-ae2c-58b43c745bc2'::uuid, '499ee24b-22fd-577d-a853-e729de694a88'::uuid, '1bc59257-2212-5519-85bc-62b49150eec9'::uuid, 'a31bb001-bddb-5c5a-b74d-16dc5cfa49a3'::uuid, '9e6cdbf8-9c09-54cb-829a-dada734bbd4d'::uuid, 'singles', 'win', 1, 0),
  ('abe5d927-e5f9-5c4a-bf60-703cfa38585c'::uuid, 'cbe00f46-d6d8-5ad0-ae2c-58b43c745bc2'::uuid, '499ee24b-22fd-577d-a853-e729de694a88'::uuid, '60abb025-b44b-5280-b4da-9cf7c23d8403'::uuid, '171b2136-e851-51a3-b6ac-2f33895f6cb7'::uuid, 'ecf6ffd3-2ada-5a20-8d8f-1c12a22b23f2'::uuid, 'singles', 'win', 1, 0),
  ('ace46aae-4c57-541f-ae1d-fee88de25e68'::uuid, 'cbe00f46-d6d8-5ad0-ae2c-58b43c745bc2'::uuid, '499ee24b-22fd-577d-a853-e729de694a88'::uuid, '60abb025-b44b-5280-b4da-9cf7c23d8403'::uuid, '4f423e7b-a9c1-5be2-87fd-ea2f71ed786f'::uuid, '9e6cdbf8-9c09-54cb-829a-dada734bbd4d'::uuid, 'singles', 'loss', 0, 1),
  ('dd47b115-2c6b-56a8-9b98-9eb728dc78a9'::uuid, 'cbe00f46-d6d8-5ad0-ae2c-58b43c745bc2'::uuid, '499ee24b-22fd-577d-a853-e729de694a88'::uuid, '11ff7849-d6b3-57de-959d-aa8b46c08eb3'::uuid, '0a3d9721-e3d8-5d52-b687-fab4b2ad5c5b'::uuid, 'ecf6ffd3-2ada-5a20-8d8f-1c12a22b23f2'::uuid, 'singles', 'win', 1, 0),
  ('22444738-3d8c-50d9-957e-95cf28842348'::uuid, 'cbe00f46-d6d8-5ad0-ae2c-58b43c745bc2'::uuid, '499ee24b-22fd-577d-a853-e729de694a88'::uuid, '11ff7849-d6b3-57de-959d-aa8b46c08eb3'::uuid, '519aa4d2-3603-5dfb-8004-12236d3922a6'::uuid, '9e6cdbf8-9c09-54cb-829a-dada734bbd4d'::uuid, 'singles', 'loss', 0, 1),
  ('7a893bc5-309a-5b38-8639-941374b8d8cc'::uuid, 'cbe00f46-d6d8-5ad0-ae2c-58b43c745bc2'::uuid, '499ee24b-22fd-577d-a853-e729de694a88'::uuid, '01d5911b-4f7c-5011-b011-884eb6a22edf'::uuid, '4084e67e-9798-54af-8532-a05d7cf1fa1c'::uuid, 'ecf6ffd3-2ada-5a20-8d8f-1c12a22b23f2'::uuid, 'singles', 'loss', 0, 1),
  ('48e75a3d-b70b-5f38-b1f3-2021fc333039'::uuid, 'cbe00f46-d6d8-5ad0-ae2c-58b43c745bc2'::uuid, '499ee24b-22fd-577d-a853-e729de694a88'::uuid, '01d5911b-4f7c-5011-b011-884eb6a22edf'::uuid, '4ea2e495-4bab-51b6-9421-940ca7991690'::uuid, '9e6cdbf8-9c09-54cb-829a-dada734bbd4d'::uuid, 'singles', 'win', 1, 0),
  ('52712d21-ef48-5404-82ad-94064d98b5be'::uuid, 'abcbff74-a235-51fe-88e3-2a0f20297439'::uuid, '9a0310ee-08e0-547e-8535-78291a255cb4'::uuid, '45fa6876-6e12-5745-98f2-008a05a8ed5e'::uuid, 'c599cc70-a11c-541f-ad67-47267f7e01f8'::uuid, '69a2178c-d31c-5ec6-bf0c-d240f2d48321'::uuid, 'better_ball', 'loss', 0, 1),
  ('fedb2786-6725-51dd-a1a6-b56fca8bb766'::uuid, 'abcbff74-a235-51fe-88e3-2a0f20297439'::uuid, '9a0310ee-08e0-547e-8535-78291a255cb4'::uuid, '45fa6876-6e12-5745-98f2-008a05a8ed5e'::uuid, '0a3d9721-e3d8-5d52-b687-fab4b2ad5c5b'::uuid, '69a2178c-d31c-5ec6-bf0c-d240f2d48321'::uuid, 'better_ball', 'loss', 0, 1),
  ('d3f59461-d249-5137-9a99-8b76f06d734d'::uuid, 'abcbff74-a235-51fe-88e3-2a0f20297439'::uuid, '9a0310ee-08e0-547e-8535-78291a255cb4'::uuid, '45fa6876-6e12-5745-98f2-008a05a8ed5e'::uuid, 'f0c7cbfc-2250-5e4b-93de-a6c061855dbf'::uuid, 'eb7c869b-e61c-5010-b40d-99ad0b685b72'::uuid, 'better_ball', 'win', 1, 0),
  ('5eb1b102-16c9-5e72-afd3-477aa8a4e2d6'::uuid, 'abcbff74-a235-51fe-88e3-2a0f20297439'::uuid, '9a0310ee-08e0-547e-8535-78291a255cb4'::uuid, '45fa6876-6e12-5745-98f2-008a05a8ed5e'::uuid, '4c13c601-1986-5b72-8c75-1a442a2d8bf8'::uuid, 'eb7c869b-e61c-5010-b40d-99ad0b685b72'::uuid, 'better_ball', 'win', 1, 0),
  ('e54ae80e-3ea9-52db-8037-d1c8c5ada013'::uuid, 'abcbff74-a235-51fe-88e3-2a0f20297439'::uuid, '9a0310ee-08e0-547e-8535-78291a255cb4'::uuid, '3988c692-6c56-5219-bad7-a9dba7569c39'::uuid, '171b2136-e851-51a3-b6ac-2f33895f6cb7'::uuid, '69a2178c-d31c-5ec6-bf0c-d240f2d48321'::uuid, 'better_ball', 'loss', 0, 1),
  ('fbcd893d-41a9-57da-9932-02ebf3206385'::uuid, 'abcbff74-a235-51fe-88e3-2a0f20297439'::uuid, '9a0310ee-08e0-547e-8535-78291a255cb4'::uuid, '3988c692-6c56-5219-bad7-a9dba7569c39'::uuid, 'afeb444c-9d3e-5129-8406-b6e43a17a88d'::uuid, '69a2178c-d31c-5ec6-bf0c-d240f2d48321'::uuid, 'better_ball', 'loss', 0, 1),
  ('98761741-aa3f-5b2e-a145-b940b1be8d88'::uuid, 'abcbff74-a235-51fe-88e3-2a0f20297439'::uuid, '9a0310ee-08e0-547e-8535-78291a255cb4'::uuid, '3988c692-6c56-5219-bad7-a9dba7569c39'::uuid, '220da543-58e1-5ffe-9fba-b78abc5bf951'::uuid, 'eb7c869b-e61c-5010-b40d-99ad0b685b72'::uuid, 'better_ball', 'win', 1, 0),
  ('728b4bb2-7672-5186-928f-d6258f8fc111'::uuid, 'abcbff74-a235-51fe-88e3-2a0f20297439'::uuid, '9a0310ee-08e0-547e-8535-78291a255cb4'::uuid, '3988c692-6c56-5219-bad7-a9dba7569c39'::uuid, '5fae53ee-8420-5573-832e-aa19fcdfb10d'::uuid, 'eb7c869b-e61c-5010-b40d-99ad0b685b72'::uuid, 'better_ball', 'win', 1, 0),
  ('011e39bd-c571-5143-9f16-863be65d5770'::uuid, 'abcbff74-a235-51fe-88e3-2a0f20297439'::uuid, '9a0310ee-08e0-547e-8535-78291a255cb4'::uuid, '64789e67-e6f6-5ec7-8e2b-bfa996e06253'::uuid, '519aa4d2-3603-5dfb-8004-12236d3922a6'::uuid, '69a2178c-d31c-5ec6-bf0c-d240f2d48321'::uuid, 'better_ball', 'loss', 0, 1),
  ('6e3ca05c-1ca0-56a6-bea4-46572c1dcd23'::uuid, 'abcbff74-a235-51fe-88e3-2a0f20297439'::uuid, '9a0310ee-08e0-547e-8535-78291a255cb4'::uuid, '64789e67-e6f6-5ec7-8e2b-bfa996e06253'::uuid, '1e0ee36f-2ae5-5a30-844c-cf159e753bb4'::uuid, '69a2178c-d31c-5ec6-bf0c-d240f2d48321'::uuid, 'better_ball', 'loss', 0, 1),
  ('24ede0a0-c0e2-5704-a978-fb1a0f9a9c0c'::uuid, 'abcbff74-a235-51fe-88e3-2a0f20297439'::uuid, '9a0310ee-08e0-547e-8535-78291a255cb4'::uuid, '64789e67-e6f6-5ec7-8e2b-bfa996e06253'::uuid, '4084e67e-9798-54af-8532-a05d7cf1fa1c'::uuid, 'eb7c869b-e61c-5010-b40d-99ad0b685b72'::uuid, 'better_ball', 'win', 1, 0),
  ('36501857-7341-576f-be2e-a45eb5ee5048'::uuid, 'abcbff74-a235-51fe-88e3-2a0f20297439'::uuid, '9a0310ee-08e0-547e-8535-78291a255cb4'::uuid, '64789e67-e6f6-5ec7-8e2b-bfa996e06253'::uuid, '45ce590d-fe6c-5971-abcb-c09090cba52b'::uuid, 'eb7c869b-e61c-5010-b40d-99ad0b685b72'::uuid, 'better_ball', 'win', 1, 0),
  ('bb05ac83-2894-5a8b-a312-95cef8efb723'::uuid, 'abcbff74-a235-51fe-88e3-2a0f20297439'::uuid, '9a0310ee-08e0-547e-8535-78291a255cb4'::uuid, '2f2e91b4-64dd-5bcf-8c8e-71c376489e75'::uuid, '5571b0f4-1db8-5bb6-b32d-cbf24743cb8e'::uuid, '69a2178c-d31c-5ec6-bf0c-d240f2d48321'::uuid, 'better_ball', 'win', 1, 0),
  ('f4932b76-8c1f-538d-803e-5e6d54a47483'::uuid, 'abcbff74-a235-51fe-88e3-2a0f20297439'::uuid, '9a0310ee-08e0-547e-8535-78291a255cb4'::uuid, '2f2e91b4-64dd-5bcf-8c8e-71c376489e75'::uuid, 'a31bb001-bddb-5c5a-b74d-16dc5cfa49a3'::uuid, '69a2178c-d31c-5ec6-bf0c-d240f2d48321'::uuid, 'better_ball', 'win', 1, 0),
  ('69cdd935-9f29-553f-a238-d8a770b958a1'::uuid, 'abcbff74-a235-51fe-88e3-2a0f20297439'::uuid, '9a0310ee-08e0-547e-8535-78291a255cb4'::uuid, '2f2e91b4-64dd-5bcf-8c8e-71c376489e75'::uuid, 'c9df655c-1617-56e1-8a27-b522f0eec157'::uuid, 'eb7c869b-e61c-5010-b40d-99ad0b685b72'::uuid, 'better_ball', 'loss', 0, 1),
  ('b8d43ce5-13b3-590c-becf-daee0f73479f'::uuid, 'abcbff74-a235-51fe-88e3-2a0f20297439'::uuid, '9a0310ee-08e0-547e-8535-78291a255cb4'::uuid, '2f2e91b4-64dd-5bcf-8c8e-71c376489e75'::uuid, '5b2a4c4e-264a-5bf9-a2b3-2b2ed797d456'::uuid, 'eb7c869b-e61c-5010-b40d-99ad0b685b72'::uuid, 'better_ball', 'loss', 0, 1),
  ('b1957a6a-1fef-5e35-ab3f-159d1ecfdd1e'::uuid, 'abcbff74-a235-51fe-88e3-2a0f20297439'::uuid, '9a0310ee-08e0-547e-8535-78291a255cb4'::uuid, '1e34edf5-02a4-5388-86c2-c9e0b977013c'::uuid, '4ea2e495-4bab-51b6-9421-940ca7991690'::uuid, '69a2178c-d31c-5ec6-bf0c-d240f2d48321'::uuid, 'better_ball', 'loss', 0, 1),
  ('b9ba3e05-e298-5423-b29f-c9105eebea74'::uuid, 'abcbff74-a235-51fe-88e3-2a0f20297439'::uuid, '9a0310ee-08e0-547e-8535-78291a255cb4'::uuid, '1e34edf5-02a4-5388-86c2-c9e0b977013c'::uuid, '3aa4e93a-a904-5fc8-a6e0-022f2c31d696'::uuid, '69a2178c-d31c-5ec6-bf0c-d240f2d48321'::uuid, 'better_ball', 'loss', 0, 1),
  ('8cb7bfca-c32b-5959-ad84-bd5cca861ec2'::uuid, 'abcbff74-a235-51fe-88e3-2a0f20297439'::uuid, '9a0310ee-08e0-547e-8535-78291a255cb4'::uuid, '1e34edf5-02a4-5388-86c2-c9e0b977013c'::uuid, 'feedad5f-6aaa-5d87-adae-82dba0cc924a'::uuid, 'eb7c869b-e61c-5010-b40d-99ad0b685b72'::uuid, 'better_ball', 'win', 1, 0),
  ('85ad9fb7-ddbe-5b3d-b442-00e777c565a1'::uuid, 'abcbff74-a235-51fe-88e3-2a0f20297439'::uuid, '9a0310ee-08e0-547e-8535-78291a255cb4'::uuid, '1e34edf5-02a4-5388-86c2-c9e0b977013c'::uuid, 'e37c689d-b31a-54a2-b766-67458f11e693'::uuid, 'eb7c869b-e61c-5010-b40d-99ad0b685b72'::uuid, 'better_ball', 'win', 1, 0),
  ('710f974d-6080-563e-89cc-7c53e53c4bf0'::uuid, 'abcbff74-a235-51fe-88e3-2a0f20297439'::uuid, 'c0b150f4-aff9-5b3a-9b7a-5dba1dc8708e'::uuid, '893c5704-5380-53ae-9b0e-4b842c6c573a'::uuid, 'a31bb001-bddb-5c5a-b74d-16dc5cfa49a3'::uuid, '69a2178c-d31c-5ec6-bf0c-d240f2d48321'::uuid, 'singles', 'loss', 0, 1),
  ('f30712b3-836a-564f-a766-04c27845078f'::uuid, 'abcbff74-a235-51fe-88e3-2a0f20297439'::uuid, 'c0b150f4-aff9-5b3a-9b7a-5dba1dc8708e'::uuid, '893c5704-5380-53ae-9b0e-4b842c6c573a'::uuid, 'feedad5f-6aaa-5d87-adae-82dba0cc924a'::uuid, 'eb7c869b-e61c-5010-b40d-99ad0b685b72'::uuid, 'singles', 'win', 1, 0),
  ('4cd383ef-760a-5f6c-ae59-b534d5b2b338'::uuid, 'abcbff74-a235-51fe-88e3-2a0f20297439'::uuid, 'c0b150f4-aff9-5b3a-9b7a-5dba1dc8708e'::uuid, '8818ea1b-b5a4-5420-914f-7bfa9643d778'::uuid, '3aa4e93a-a904-5fc8-a6e0-022f2c31d696'::uuid, '69a2178c-d31c-5ec6-bf0c-d240f2d48321'::uuid, 'singles', 'win', 1, 0),
  ('a43c1bdb-93e6-5106-8f43-593152c58347'::uuid, 'abcbff74-a235-51fe-88e3-2a0f20297439'::uuid, 'c0b150f4-aff9-5b3a-9b7a-5dba1dc8708e'::uuid, '8818ea1b-b5a4-5420-914f-7bfa9643d778'::uuid, '4c13c601-1986-5b72-8c75-1a442a2d8bf8'::uuid, 'eb7c869b-e61c-5010-b40d-99ad0b685b72'::uuid, 'singles', 'loss', 0, 1),
  ('4d5d1f15-825b-5071-9e93-216e184a67de'::uuid, 'abcbff74-a235-51fe-88e3-2a0f20297439'::uuid, 'c0b150f4-aff9-5b3a-9b7a-5dba1dc8708e'::uuid, 'b4201b75-b3e8-5ea3-afa3-feb1943a43ef'::uuid, '5571b0f4-1db8-5bb6-b32d-cbf24743cb8e'::uuid, '69a2178c-d31c-5ec6-bf0c-d240f2d48321'::uuid, 'singles', 'loss', 0, 1),
  ('6e737f58-c713-555b-82aa-0a6ee33ab614'::uuid, 'abcbff74-a235-51fe-88e3-2a0f20297439'::uuid, 'c0b150f4-aff9-5b3a-9b7a-5dba1dc8708e'::uuid, 'b4201b75-b3e8-5ea3-afa3-feb1943a43ef'::uuid, '5b2a4c4e-264a-5bf9-a2b3-2b2ed797d456'::uuid, 'eb7c869b-e61c-5010-b40d-99ad0b685b72'::uuid, 'singles', 'win', 1, 0),
  ('3f8a9ca5-75a8-57a9-b944-362222699885'::uuid, 'abcbff74-a235-51fe-88e3-2a0f20297439'::uuid, 'c0b150f4-aff9-5b3a-9b7a-5dba1dc8708e'::uuid, '93526248-3224-5d90-8673-7800dcd78f8f'::uuid, '519aa4d2-3603-5dfb-8004-12236d3922a6'::uuid, '69a2178c-d31c-5ec6-bf0c-d240f2d48321'::uuid, 'singles', 'loss', 0, 1),
  ('c7b86716-4826-5be4-b665-6d07be4e0367'::uuid, 'abcbff74-a235-51fe-88e3-2a0f20297439'::uuid, 'c0b150f4-aff9-5b3a-9b7a-5dba1dc8708e'::uuid, '93526248-3224-5d90-8673-7800dcd78f8f'::uuid, '5fae53ee-8420-5573-832e-aa19fcdfb10d'::uuid, 'eb7c869b-e61c-5010-b40d-99ad0b685b72'::uuid, 'singles', 'win', 1, 0),
  ('7b603d29-0243-5124-b393-1cd39fb097bd'::uuid, 'abcbff74-a235-51fe-88e3-2a0f20297439'::uuid, 'c0b150f4-aff9-5b3a-9b7a-5dba1dc8708e'::uuid, 'a99dfe68-4af0-506f-ae4e-c86cd2ea759a'::uuid, '0a3d9721-e3d8-5d52-b687-fab4b2ad5c5b'::uuid, '69a2178c-d31c-5ec6-bf0c-d240f2d48321'::uuid, 'singles', 'win', 1, 0),
  ('ca39d8cd-a513-53b2-8cae-a5a833bdcfd3'::uuid, 'abcbff74-a235-51fe-88e3-2a0f20297439'::uuid, 'c0b150f4-aff9-5b3a-9b7a-5dba1dc8708e'::uuid, 'a99dfe68-4af0-506f-ae4e-c86cd2ea759a'::uuid, 'f0c7cbfc-2250-5e4b-93de-a6c061855dbf'::uuid, 'eb7c869b-e61c-5010-b40d-99ad0b685b72'::uuid, 'singles', 'loss', 0, 1),
  ('31ca76e3-2a7d-55ad-b3b1-6e2521df632b'::uuid, 'abcbff74-a235-51fe-88e3-2a0f20297439'::uuid, 'c0b150f4-aff9-5b3a-9b7a-5dba1dc8708e'::uuid, '7f74afc5-4625-57f7-90d9-70615c3b5765'::uuid, '171b2136-e851-51a3-b6ac-2f33895f6cb7'::uuid, '69a2178c-d31c-5ec6-bf0c-d240f2d48321'::uuid, 'singles', 'draw', 0.5, 0.5),
  ('1df4c661-1c15-5dbe-afba-2ea9174a4422'::uuid, 'abcbff74-a235-51fe-88e3-2a0f20297439'::uuid, 'c0b150f4-aff9-5b3a-9b7a-5dba1dc8708e'::uuid, '7f74afc5-4625-57f7-90d9-70615c3b5765'::uuid, '4084e67e-9798-54af-8532-a05d7cf1fa1c'::uuid, 'eb7c869b-e61c-5010-b40d-99ad0b685b72'::uuid, 'singles', 'draw', 0.5, 0.5),
  ('dbdb6f50-159f-5ef2-8155-1566b6131d3f'::uuid, 'abcbff74-a235-51fe-88e3-2a0f20297439'::uuid, 'c0b150f4-aff9-5b3a-9b7a-5dba1dc8708e'::uuid, '81b1abdd-9cfa-55e7-ba2c-15ff9579c5f7'::uuid, '1e0ee36f-2ae5-5a30-844c-cf159e753bb4'::uuid, '69a2178c-d31c-5ec6-bf0c-d240f2d48321'::uuid, 'singles', 'loss', 0, 1),
  ('f8b0cdf3-b381-593f-b01c-5ea571f17889'::uuid, 'abcbff74-a235-51fe-88e3-2a0f20297439'::uuid, 'c0b150f4-aff9-5b3a-9b7a-5dba1dc8708e'::uuid, '81b1abdd-9cfa-55e7-ba2c-15ff9579c5f7'::uuid, '220da543-58e1-5ffe-9fba-b78abc5bf951'::uuid, 'eb7c869b-e61c-5010-b40d-99ad0b685b72'::uuid, 'singles', 'win', 1, 0),
  ('f9fd0255-6ef1-50fd-9aaf-498111f22248'::uuid, 'abcbff74-a235-51fe-88e3-2a0f20297439'::uuid, 'c0b150f4-aff9-5b3a-9b7a-5dba1dc8708e'::uuid, 'd373314d-2ee5-5f69-9550-979e11d2a9ad'::uuid, 'afeb444c-9d3e-5129-8406-b6e43a17a88d'::uuid, '69a2178c-d31c-5ec6-bf0c-d240f2d48321'::uuid, 'singles', 'win', 1, 0),
  ('3a2ba4c9-4bc4-53e1-9c47-5f55e1b67b93'::uuid, 'abcbff74-a235-51fe-88e3-2a0f20297439'::uuid, 'c0b150f4-aff9-5b3a-9b7a-5dba1dc8708e'::uuid, 'd373314d-2ee5-5f69-9550-979e11d2a9ad'::uuid, 'c9df655c-1617-56e1-8a27-b522f0eec157'::uuid, 'eb7c869b-e61c-5010-b40d-99ad0b685b72'::uuid, 'singles', 'loss', 0, 1),
  ('57d65748-e99a-55c6-9610-70cab85e0c59'::uuid, 'abcbff74-a235-51fe-88e3-2a0f20297439'::uuid, 'c0b150f4-aff9-5b3a-9b7a-5dba1dc8708e'::uuid, '243d393b-d1d0-51b3-ad37-5e0c43792230'::uuid, '4ea2e495-4bab-51b6-9421-940ca7991690'::uuid, '69a2178c-d31c-5ec6-bf0c-d240f2d48321'::uuid, 'singles', 'draw', 0.5, 0.5),
  ('c921ce54-bc7d-5971-9a7a-590f081ad8f5'::uuid, 'abcbff74-a235-51fe-88e3-2a0f20297439'::uuid, 'c0b150f4-aff9-5b3a-9b7a-5dba1dc8708e'::uuid, '243d393b-d1d0-51b3-ad37-5e0c43792230'::uuid, '45ce590d-fe6c-5971-abcb-c09090cba52b'::uuid, 'eb7c869b-e61c-5010-b40d-99ad0b685b72'::uuid, 'singles', 'draw', 0.5, 0.5),
  ('10e04a1a-0a6f-5f67-853b-bedc6619cc98'::uuid, 'abcbff74-a235-51fe-88e3-2a0f20297439'::uuid, 'c0b150f4-aff9-5b3a-9b7a-5dba1dc8708e'::uuid, '00245a2a-d703-5d13-963c-8b5d1698c63d'::uuid, 'c599cc70-a11c-541f-ad67-47267f7e01f8'::uuid, '69a2178c-d31c-5ec6-bf0c-d240f2d48321'::uuid, 'singles', 'loss', 0, 1),
  ('96bba8e1-993a-5e86-8b90-de823239e5cd'::uuid, 'abcbff74-a235-51fe-88e3-2a0f20297439'::uuid, 'c0b150f4-aff9-5b3a-9b7a-5dba1dc8708e'::uuid, '00245a2a-d703-5d13-963c-8b5d1698c63d'::uuid, 'e37c689d-b31a-54a2-b766-67458f11e693'::uuid, 'eb7c869b-e61c-5010-b40d-99ad0b685b72'::uuid, 'singles', 'win', 1, 0),
  ('915c42c6-6840-5132-bfad-ceed2e5c49e0'::uuid, 'abcbff74-a235-51fe-88e3-2a0f20297439'::uuid, 'd6757980-7a0f-530a-a11d-5ba97c21192c'::uuid, '26425d1d-fcf8-52aa-a515-f2b0329d9358'::uuid, '4ea2e495-4bab-51b6-9421-940ca7991690'::uuid, '69a2178c-d31c-5ec6-bf0c-d240f2d48321'::uuid, 'better_ball', 'loss', 0, 1),
  ('c1e9569b-cf65-58d3-9726-13eb48211fbd'::uuid, 'abcbff74-a235-51fe-88e3-2a0f20297439'::uuid, 'd6757980-7a0f-530a-a11d-5ba97c21192c'::uuid, '26425d1d-fcf8-52aa-a515-f2b0329d9358'::uuid, '5571b0f4-1db8-5bb6-b32d-cbf24743cb8e'::uuid, '69a2178c-d31c-5ec6-bf0c-d240f2d48321'::uuid, 'better_ball', 'loss', 0, 1),
  ('565a829d-d605-52eb-8364-ae0adb00abd2'::uuid, 'abcbff74-a235-51fe-88e3-2a0f20297439'::uuid, 'd6757980-7a0f-530a-a11d-5ba97c21192c'::uuid, '26425d1d-fcf8-52aa-a515-f2b0329d9358'::uuid, 'feedad5f-6aaa-5d87-adae-82dba0cc924a'::uuid, 'eb7c869b-e61c-5010-b40d-99ad0b685b72'::uuid, 'better_ball', 'win', 1, 0),
  ('58f9e9fc-bcdf-5a40-b998-5634d374dc14'::uuid, 'abcbff74-a235-51fe-88e3-2a0f20297439'::uuid, 'd6757980-7a0f-530a-a11d-5ba97c21192c'::uuid, '26425d1d-fcf8-52aa-a515-f2b0329d9358'::uuid, '5fae53ee-8420-5573-832e-aa19fcdfb10d'::uuid, 'eb7c869b-e61c-5010-b40d-99ad0b685b72'::uuid, 'better_ball', 'win', 1, 0),
  ('edfbbbe5-23c3-57b7-b23a-b2e9ac0fbb29'::uuid, 'abcbff74-a235-51fe-88e3-2a0f20297439'::uuid, 'd6757980-7a0f-530a-a11d-5ba97c21192c'::uuid, '8eb92b3b-7d70-5b9f-a92a-61101445e2bf'::uuid, '0a3d9721-e3d8-5d52-b687-fab4b2ad5c5b'::uuid, '69a2178c-d31c-5ec6-bf0c-d240f2d48321'::uuid, 'better_ball', 'win', 1, 0),
  ('124561fb-9b6a-5fbf-8198-2f4a76b524bd'::uuid, 'abcbff74-a235-51fe-88e3-2a0f20297439'::uuid, 'd6757980-7a0f-530a-a11d-5ba97c21192c'::uuid, '8eb92b3b-7d70-5b9f-a92a-61101445e2bf'::uuid, '3aa4e93a-a904-5fc8-a6e0-022f2c31d696'::uuid, '69a2178c-d31c-5ec6-bf0c-d240f2d48321'::uuid, 'better_ball', 'win', 1, 0),
  ('8e4c881a-27d5-5955-82d7-9b7db337715b'::uuid, 'abcbff74-a235-51fe-88e3-2a0f20297439'::uuid, 'd6757980-7a0f-530a-a11d-5ba97c21192c'::uuid, '8eb92b3b-7d70-5b9f-a92a-61101445e2bf'::uuid, '220da543-58e1-5ffe-9fba-b78abc5bf951'::uuid, 'eb7c869b-e61c-5010-b40d-99ad0b685b72'::uuid, 'better_ball', 'loss', 0, 1),
  ('5e51deed-31aa-5b05-9b71-29d7ef9d8338'::uuid, 'abcbff74-a235-51fe-88e3-2a0f20297439'::uuid, 'd6757980-7a0f-530a-a11d-5ba97c21192c'::uuid, '8eb92b3b-7d70-5b9f-a92a-61101445e2bf'::uuid, 'c9df655c-1617-56e1-8a27-b522f0eec157'::uuid, 'eb7c869b-e61c-5010-b40d-99ad0b685b72'::uuid, 'better_ball', 'loss', 0, 1),
  ('adb02edc-d249-52d5-a9f7-d4dfbcc35b9e'::uuid, 'abcbff74-a235-51fe-88e3-2a0f20297439'::uuid, 'd6757980-7a0f-530a-a11d-5ba97c21192c'::uuid, 'f2753ba4-5ec9-52c9-8857-15bc0363dc3f'::uuid, '171b2136-e851-51a3-b6ac-2f33895f6cb7'::uuid, '69a2178c-d31c-5ec6-bf0c-d240f2d48321'::uuid, 'better_ball', 'loss', 0, 1),
  ('f76135c5-33fe-5615-bf61-e9250393b916'::uuid, 'abcbff74-a235-51fe-88e3-2a0f20297439'::uuid, 'd6757980-7a0f-530a-a11d-5ba97c21192c'::uuid, 'f2753ba4-5ec9-52c9-8857-15bc0363dc3f'::uuid, '1e0ee36f-2ae5-5a30-844c-cf159e753bb4'::uuid, '69a2178c-d31c-5ec6-bf0c-d240f2d48321'::uuid, 'better_ball', 'loss', 0, 1),
  ('dc5cda9c-3a88-5513-b221-68f18d386085'::uuid, 'abcbff74-a235-51fe-88e3-2a0f20297439'::uuid, 'd6757980-7a0f-530a-a11d-5ba97c21192c'::uuid, 'f2753ba4-5ec9-52c9-8857-15bc0363dc3f'::uuid, 'e37c689d-b31a-54a2-b766-67458f11e693'::uuid, 'eb7c869b-e61c-5010-b40d-99ad0b685b72'::uuid, 'better_ball', 'win', 1, 0),
  ('0fb1806b-831e-516e-a41d-67b76dfdea0d'::uuid, 'abcbff74-a235-51fe-88e3-2a0f20297439'::uuid, 'd6757980-7a0f-530a-a11d-5ba97c21192c'::uuid, 'f2753ba4-5ec9-52c9-8857-15bc0363dc3f'::uuid, '4c13c601-1986-5b72-8c75-1a442a2d8bf8'::uuid, 'eb7c869b-e61c-5010-b40d-99ad0b685b72'::uuid, 'better_ball', 'win', 1, 0),
  ('144adfd2-a846-51d7-a09d-8170da2194f9'::uuid, 'abcbff74-a235-51fe-88e3-2a0f20297439'::uuid, 'd6757980-7a0f-530a-a11d-5ba97c21192c'::uuid, '8e5e939d-0cb8-563c-ad70-b88714ff0ee4'::uuid, 'c599cc70-a11c-541f-ad67-47267f7e01f8'::uuid, '69a2178c-d31c-5ec6-bf0c-d240f2d48321'::uuid, 'better_ball', 'win', 1, 0),
  ('957c9113-126a-58a1-91fe-5a7710ac8739'::uuid, 'abcbff74-a235-51fe-88e3-2a0f20297439'::uuid, 'd6757980-7a0f-530a-a11d-5ba97c21192c'::uuid, '8e5e939d-0cb8-563c-ad70-b88714ff0ee4'::uuid, 'afeb444c-9d3e-5129-8406-b6e43a17a88d'::uuid, '69a2178c-d31c-5ec6-bf0c-d240f2d48321'::uuid, 'better_ball', 'win', 1, 0),
  ('34223fa1-e091-5f35-8109-caee8e9e0198'::uuid, 'abcbff74-a235-51fe-88e3-2a0f20297439'::uuid, 'd6757980-7a0f-530a-a11d-5ba97c21192c'::uuid, '8e5e939d-0cb8-563c-ad70-b88714ff0ee4'::uuid, '4084e67e-9798-54af-8532-a05d7cf1fa1c'::uuid, 'eb7c869b-e61c-5010-b40d-99ad0b685b72'::uuid, 'better_ball', 'loss', 0, 1),
  ('37141146-696d-5872-b4af-816d0442e9be'::uuid, 'abcbff74-a235-51fe-88e3-2a0f20297439'::uuid, 'd6757980-7a0f-530a-a11d-5ba97c21192c'::uuid, '8e5e939d-0cb8-563c-ad70-b88714ff0ee4'::uuid, '5b2a4c4e-264a-5bf9-a2b3-2b2ed797d456'::uuid, 'eb7c869b-e61c-5010-b40d-99ad0b685b72'::uuid, 'better_ball', 'loss', 0, 1),
  ('0806cccf-b74f-534a-9aba-22a7de4f509e'::uuid, 'abcbff74-a235-51fe-88e3-2a0f20297439'::uuid, 'd6757980-7a0f-530a-a11d-5ba97c21192c'::uuid, '700e469d-24c4-5c49-8c3a-58290fe42fdd'::uuid, 'a31bb001-bddb-5c5a-b74d-16dc5cfa49a3'::uuid, '69a2178c-d31c-5ec6-bf0c-d240f2d48321'::uuid, 'better_ball', 'win', 1, 0),
  ('90a6c1db-88c5-58d4-aa44-e8425c0d30f1'::uuid, 'abcbff74-a235-51fe-88e3-2a0f20297439'::uuid, 'd6757980-7a0f-530a-a11d-5ba97c21192c'::uuid, '700e469d-24c4-5c49-8c3a-58290fe42fdd'::uuid, '519aa4d2-3603-5dfb-8004-12236d3922a6'::uuid, '69a2178c-d31c-5ec6-bf0c-d240f2d48321'::uuid, 'better_ball', 'win', 1, 0),
  ('ac807062-2262-5b67-9603-64df61330cb0'::uuid, 'abcbff74-a235-51fe-88e3-2a0f20297439'::uuid, 'd6757980-7a0f-530a-a11d-5ba97c21192c'::uuid, '700e469d-24c4-5c49-8c3a-58290fe42fdd'::uuid, 'f0c7cbfc-2250-5e4b-93de-a6c061855dbf'::uuid, 'eb7c869b-e61c-5010-b40d-99ad0b685b72'::uuid, 'better_ball', 'loss', 0, 1),
  ('bcbcb67e-912d-566b-9774-7185a1db7daa'::uuid, 'abcbff74-a235-51fe-88e3-2a0f20297439'::uuid, 'd6757980-7a0f-530a-a11d-5ba97c21192c'::uuid, '700e469d-24c4-5c49-8c3a-58290fe42fdd'::uuid, '45ce590d-fe6c-5971-abcb-c09090cba52b'::uuid, 'eb7c869b-e61c-5010-b40d-99ad0b685b72'::uuid, 'better_ball', 'loss', 0, 1)
on conflict (id) do update set
  format = excluded.format,
  result = excluded.result,
  points_for = excluded.points_for,
  points_against = excluded.points_against;

insert into bet_markets (id, tour_id, round_id, match_id, title, description, market_type, status, closes_at, result_option_id, result_text) values
  ('c6bd65de-89cb-52bd-8723-cadc3b0a882c'::uuid, '75eef879-253b-57f7-a977-35918e3c356e'::uuid, '5cc48554-65f3-5edd-a6ab-d45d53757810'::uuid, 'ccc16516-1608-5255-acde-e5619cfedfb3'::uuid, 'Who wins Match 1?', 'Starter placeholder market for the first 2026 match. Teams and players are TBC.', 'match_winner', 'open', null, null, null),
  ('d4401eb9-cd82-5263-86a3-0421faffde6b'::uuid, '75eef879-253b-57f7-a977-35918e3c356e'::uuid, '5cc48554-65f3-5edd-a6ab-d45d53757810'::uuid, null, 'Over/under birdies today', 'Starter placeholder market; line can be edited once scoring rules are confirmed.', 'over_under', 'open', null, null, null),
  ('8f81e4ef-db9f-5ec8-9282-d7b8b1c12cb9'::uuid, '75eef879-253b-57f7-a977-35918e3c356e'::uuid, '5cc48554-65f3-5edd-a6ab-d45d53757810'::uuid, null, 'Will anyone eagle today?', 'Starter placeholder market for daily golf achievements.', 'special', 'open', null, null, null),
  ('d48e19d6-2890-5507-842f-e81d2a47950e'::uuid, '75eef879-253b-57f7-a977-35918e3c356e'::uuid, null, null, 'Lowest gross today', 'Starter placeholder market; eligible players TBC.', 'player_performance', 'open', null, null, null),
  ('14817b42-9a27-5cc7-9f29-6c2a36febea7'::uuid, '75eef879-253b-57f7-a977-35918e3c356e'::uuid, null, null, 'Most balls lost', 'Starter placeholder fun market; eligible players TBC.', 'special', 'open', null, null, null)
on conflict (id) do update set
  round_id = excluded.round_id,
  match_id = excluded.match_id,
  title = excluded.title,
  description = excluded.description,
  market_type = excluded.market_type,
  status = excluded.status,
  closes_at = excluded.closes_at,
  result_option_id = excluded.result_option_id,
  result_text = excluded.result_text,
  updated_at = excluded.updated_at;

insert into bet_options (id, market_id, label, linked_player_id, linked_team_id, linked_match_side, sort_order) values
  ('7150506b-c734-58cc-86ec-52d53c2b77eb'::uuid, 'c6bd65de-89cb-52bd-8723-cadc3b0a882c'::uuid, 'Team 1 TBC', null, null, 'A', 1),
  ('a4f9fd99-78b9-5ec1-a562-69c016ae2944'::uuid, 'c6bd65de-89cb-52bd-8723-cadc3b0a882c'::uuid, 'Team 2 TBC', null, null, 'B', 2),
  ('7d40f6c5-ae5c-5a80-909d-e53198f33a5e'::uuid, 'c6bd65de-89cb-52bd-8723-cadc3b0a882c'::uuid, 'Halved match', null, null, 'halved', 3),
  ('d92315c8-8837-54b1-a7e9-5609a657e201'::uuid, 'd4401eb9-cd82-5263-86a3-0421faffde6b'::uuid, 'Over TBC line', null, null, null, 1),
  ('9e4c76a7-533c-5c00-97a9-4b5d2054cae4'::uuid, 'd4401eb9-cd82-5263-86a3-0421faffde6b'::uuid, 'Under TBC line', null, null, null, 2),
  ('d1460a70-9da1-5837-bb05-1c37fa6614a1'::uuid, '8f81e4ef-db9f-5ec8-9282-d7b8b1c12cb9'::uuid, 'Yes', null, null, null, 1),
  ('3c3ef954-5196-5ddb-a136-16177fba00c5'::uuid, '8f81e4ef-db9f-5ec8-9282-d7b8b1c12cb9'::uuid, 'No', null, null, null, 2),
  ('a75c946d-c15c-54f3-b430-43fd2a9a27e0'::uuid, 'd48e19d6-2890-5507-842f-e81d2a47950e'::uuid, 'Player TBC', null, null, null, 1),
  ('6806ddc6-e62b-5216-a1ff-80c14a8c6b1e'::uuid, 'd48e19d6-2890-5507-842f-e81d2a47950e'::uuid, 'Field / tie TBC', null, null, null, 2),
  ('444f40f9-bc1f-521d-ad5d-146d5e7c9679'::uuid, '14817b42-9a27-5cc7-9f29-6c2a36febea7'::uuid, 'Player TBC', null, null, null, 1),
  ('a66e780e-f183-5434-97d6-4c708d7da97b'::uuid, '14817b42-9a27-5cc7-9f29-6c2a36febea7'::uuid, 'Shared / tie TBC', null, null, null, 2)
on conflict (id) do update set
  label = excluded.label,
  linked_player_id = excluded.linked_player_id,
  linked_team_id = excluded.linked_team_id,
  linked_match_side = excluded.linked_match_side,
  sort_order = excluded.sort_order;

insert into tour_handbook_sections (id, tour_id, section_key, title, body, sort_order) values
  ('66a9c555-1aed-52d1-a050-65456b421bb4'::uuid, '75eef879-253b-57f7-a977-35918e3c356e'::uuid, 'key-information', 'Key Information', 'Accommodation: TBC. Flights/travel: TBC. Tee times: TBC. Golf Gamebook/live scoring: TBC. This is editable placeholder 2026 information, not final confirmed tour detail.', 1),
  ('731f1215-9765-57a4-b1f2-2d37ec93d86c'::uuid, '75eef879-253b-57f7-a977-35918e3c356e'::uuid, 'teams', 'Teams', '2026 team names, captains and members are TBC. Starter placeholder teams are Team 1 TBC and Team 2 TBC; these are not permanent team names.', 2),
  ('97e53db2-96c4-54cb-a9af-5d7528bb97da'::uuid, '75eef879-253b-57f7-a977-35918e3c356e'::uuid, 'rooms', 'Rooms', 'Rooming plan TBC. Do not infer 2026 rooms from the 2025 handbook.', 3),
  ('78114e20-445f-569f-93e8-df44fbd7e293'::uuid, '75eef879-253b-57f7-a977-35918e3c356e'::uuid, 'format', 'Format', 'Placeholder based on previous tour structure: race to 12.5 points unless changed later, with 4BBB / pairs scramble / singles structure to be confirmed. Final match formats and tee times are editable and TBC.', 4),
  ('f6618b1e-29e8-521b-bf7d-b224bdc8eb44'::uuid, '75eef879-253b-57f7-a977-35918e3c356e'::uuid, 'prize-fund', 'Prize Fund', 'Placeholder/editable: secondary competition and prize fund structure may follow the previous tour format, with amount, entry, countback criteria and payout split TBC.', 5),
  ('433e7ada-bba7-51ca-bd53-c0393c384d33'::uuid, '75eef879-253b-57f7-a977-35918e3c356e'::uuid, 'itinerary', 'Itinerary', 'Daily itinerary is TBC for Friday 6 November to Monday 9 November 2026. Dinner locations, transfers and tee times are placeholders until confirmed.', 6),
  ('928ea242-522d-580b-9579-533c5405a199'::uuid, '75eef879-253b-57f7-a977-35918e3c356e'::uuid, 'kit-shirt-colours', 'Kit / Shirt Colours', 'Team shirt colours by day are TBC. Values are seeded as editable placeholders only.', 7)
on conflict (id) do update set
  title = excluded.title,
  body = excluded.body,
  sort_order = excluded.sort_order,
  updated_at = excluded.updated_at;

insert into tour_itinerary_items (id, tour_id, item_date, day_label, time_label, activity, location, notes, is_placeholder, sort_order) values
  ('85b3c696-92f2-5572-a22e-9c9602635c69'::uuid, '75eef879-253b-57f7-a977-35918e3c356e'::uuid, '2026-11-06', 'Friday 6 November 2026', 'TBC', 'Arrival / travel day', 'Amendoeira, Portugal', 'Flights, transfers, accommodation and dinner location TBC.', true, 1),
  ('b4d94dcd-603e-5583-9007-140459fd679a'::uuid, '75eef879-253b-57f7-a977-35918e3c356e'::uuid, '2026-11-06', 'Friday 6 November 2026', 'TBC', 'Placeholder round / practice / opening matches', 'Amendoeira course TBC', 'Exact course, tee times and format TBC.', true, 2),
  ('f8c3472a-1cfe-5285-abe6-7ca51c3e824c'::uuid, '75eef879-253b-57f7-a977-35918e3c356e'::uuid, '2026-11-07', 'Saturday 7 November 2026', 'TBC', 'Tour matches', 'Amendoeira course TBC', 'Exact course, tee times and format TBC.', true, 3),
  ('30bf15df-0f90-5a0e-a6a2-880cf933a461'::uuid, '75eef879-253b-57f7-a977-35918e3c356e'::uuid, '2026-11-08', 'Sunday 8 November 2026', 'TBC', 'Tour matches', 'Amendoeira course TBC', 'Exact course, tee times and format TBC.', true, 4),
  ('8054da35-09b8-50ef-a201-737547555a88'::uuid, '75eef879-253b-57f7-a977-35918e3c356e'::uuid, '2026-11-09', 'Monday 9 November 2026', 'TBC', 'Final matches / departure', 'Amendoeira course TBC', 'Exact course, tee times, checkout and travel plans TBC.', true, 5)
on conflict (id) do update set
  item_date = excluded.item_date,
  day_label = excluded.day_label,
  time_label = excluded.time_label,
  activity = excluded.activity,
  location = excluded.location,
  notes = excluded.notes,
  is_placeholder = excluded.is_placeholder,
  sort_order = excluded.sort_order,
  updated_at = excluded.updated_at;

insert into tour_team_day_kit (id, tour_id, team_id, kit_date, colour_label, sort_order) values
  ('418f5e59-e7a8-5da5-811f-5ca85b5efe54'::uuid, '75eef879-253b-57f7-a977-35918e3c356e'::uuid, 'de5f12c2-f246-5a0c-a683-ea3b7e3ef3b4'::uuid, '2026-11-06', 'TBC', 11),
  ('dd3b5456-e7d4-5216-a064-5e3ddc4e3fd7'::uuid, '75eef879-253b-57f7-a977-35918e3c356e'::uuid, 'de5f12c2-f246-5a0c-a683-ea3b7e3ef3b4'::uuid, '2026-11-07', 'TBC', 21),
  ('e8d21035-82fb-5b57-8f24-c287f9334341'::uuid, '75eef879-253b-57f7-a977-35918e3c356e'::uuid, 'de5f12c2-f246-5a0c-a683-ea3b7e3ef3b4'::uuid, '2026-11-08', 'TBC', 31),
  ('45eb84df-7a61-5367-a4ec-059d798e6bfa'::uuid, '75eef879-253b-57f7-a977-35918e3c356e'::uuid, 'de5f12c2-f246-5a0c-a683-ea3b7e3ef3b4'::uuid, '2026-11-09', 'TBC', 41),
  ('98b2fb15-327e-5344-b76f-b3ff04630783'::uuid, '75eef879-253b-57f7-a977-35918e3c356e'::uuid, '843238aa-79ab-5e0c-9184-0f7e5f5c276f'::uuid, '2026-11-06', 'TBC', 12),
  ('61905073-0d17-5503-b49a-2f63b90a674a'::uuid, '75eef879-253b-57f7-a977-35918e3c356e'::uuid, '843238aa-79ab-5e0c-9184-0f7e5f5c276f'::uuid, '2026-11-07', 'TBC', 22),
  ('92f9c93f-6e49-53c8-9a8f-b429015d1b59'::uuid, '75eef879-253b-57f7-a977-35918e3c356e'::uuid, '843238aa-79ab-5e0c-9184-0f7e5f5c276f'::uuid, '2026-11-08', 'TBC', 32),
  ('01ce4109-39e5-58af-bf0b-090f7df76581'::uuid, '75eef879-253b-57f7-a977-35918e3c356e'::uuid, '843238aa-79ab-5e0c-9184-0f7e5f5c276f'::uuid, '2026-11-09', 'TBC', 42)
on conflict (id) do update set
  colour_label = excluded.colour_label,
  sort_order = excluded.sort_order;

commit;
